transaction_id,customer_id,age_group,gender,city,customer_segment,product_id,product_category,original_price,discount_pct,final_price,quantity,purchase_amount,payment_method,purchase_date,purchase_hour,is_weekend,is_black_friday,high_spender
T0085162,C028511,56+,Male,Houston,VIP,P3307,Footwear,169.91,5,161.41,1,161.41,Debit Card,2025-11-25,0,0,0,1
T0021754,C018415,18-25,Male,New York,Loyal,P6143,Electronics,580.07,15,493.06,1,493.06,Debit Card,2025-11-24,23,0,0,1
T0026472,C014084,26-35,Male,Dallas,VIP,P6715,Accessories,84.65,25,63.49,1,63.49,Mobile Wallet,2025-11-27,8,0,0,0
T0064344,C026640,56+,Other,New York,Returning,P6134,Sports,503.6,30,352.52,1,352.52,Credit Card,2025-11-29,8,1,0,1
T0010936,C023722,36-45,Male,Seattle,Returning,P9282,Electronics,1245.93,10,1121.34,1,1121.34,Mobile Wallet,2025-11-27,22,0,0,1
T0057604,C017086,56+,Female,Los Angeles,New,P6309,Beauty,141.78,35,92.16,1,92.16,Debit Card,2025-11-30,8,1,0,0
T0027246,C002202,46-55,Female,Chicago,Loyal,P8888,Footwear,44.83,25,33.62,1,33.62,Debit Card,2025-11-24,18,0,0,0
T0018779,C031378,56+,Other,Chicago,Returning,P7181,Clothing,58.43,10,52.59,1,52.59,Mobile Wallet,2025-11-30,13,1,0,0
T0057486,C000624,46-55,Other,Dallas,New,P1358,Electronics,402.55,15,342.17,1,342.17,PayPal,2025-11-27,20,0,0,1
T0047743,C020108,46-55,Female,Los Angeles,Loyal,P4068,Electronics,771.79,20,617.43,1,617.43,Credit Card,2025-12-01,3,0,0,1
T0011840,C025967,56+,Female,Miami,Returning,P9211,Electronics,1680.06,30,1176.04,3,3528.12,PayPal,2025-11-29,12,1,0,1
T0012354,C021486,18-25,Other,Atlanta,Loyal,P8971,Home & Kitchen,615.88,60,246.35,1,246.35,Debit Card,2025-11-29,9,1,0,1
T0076759,C012112,56+,Other,Dallas,New,P3481,Clothing,177.07,60,70.83,1,70.83,Gift Card,2025-12-01,17,0,0,0
T0008639,C000111,26-35,Other,Los Angeles,Returning,P1807,Toys,24.27,35,15.78,1,15.78,Credit Card,2025-11-25,0,0,0,0
T0092544,C017477,26-35,Other,Miami,Loyal,P2098,Accessories,481.27,35,312.83,2,625.66,Mobile Wallet,2025-11-27,20,0,0,1
T0045276,C012494,56+,Male,Chicago,Returning,P8705,Beauty,141.51,30,99.06,1,99.06,Gift Card,2025-11-25,13,0,0,0
T0004127,C023128,36-45,Other,Seattle,VIP,P9020,Accessories,207.74,50,103.87,2,207.74,PayPal,2025-11-29,22,1,0,1
T0006670,C022762,46-55,Male,Seattle,Returning,P2068,Books,99.56,20,79.65,1,79.65,Debit Card,2025-11-26,16,0,0,0
T0044138,C025367,18-25,Female,Phoenix,New,P8439,Clothing,279.68,40,167.81,2,335.62,PayPal,2025-11-27,19,0,0,1
T0007840,C013132,18-25,Male,Houston,Loyal,P1472,Toys,215.77,30,151.04,1,151.04,Credit Card,2025-12-01,18,0,0,0
T0072313,C013436,56+,Other,New York,New,P1654,Groceries,24.29,25,18.22,1,18.22,Debit Card,2025-11-29,17,1,0,0
T0053029,C002582,46-55,Female,Atlanta,Returning,P4037,Sports,497.58,30,348.31,2,696.62,Credit Card,2025-11-26,22,0,0,1
T0076639,C012091,26-35,Female,Chicago,Loyal,P5069,Sports,305.28,20,244.22,1,244.22,Debit Card,2025-11-29,14,1,0,1
T0078484,C006949,46-55,Male,Dallas,Loyal,P9701,Books,53.8,35,34.97,1,34.97,Mobile Wallet,2025-11-30,7,1,0,0
T0044835,C031660,46-55,Female,Houston,New,P2042,Sports,178.57,20,142.86,1,142.86,Credit Card,2025-11-28,2,0,1,0
T0059808,C000822,36-45,Male,Phoenix,Returning,P2305,Sports,92.62,40,55.57,1,55.57,Cash,2025-11-29,11,1,0,0
T0031959,C005558,36-45,Male,Los Angeles,Loyal,P6882,Clothing,198.96,25,149.22,1,149.22,Credit Card,2025-11-26,12,0,0,0
T0085830,C019227,18-25,Female,Dallas,Returning,P7296,Accessories,176.45,60,70.58,1,70.58,Cash,2025-11-25,23,0,0,0
T0053640,C015069,26-35,Male,San Francisco,Returning,P1916,Clothing,215.29,35,139.94,1,139.94,Gift Card,2025-12-01,8,0,0,0
T0047127,C002771,46-55,Female,Atlanta,Returning,P5351,Home & Kitchen,806.47,20,645.18,1,645.18,PayPal,2025-11-26,2,0,0,1
T0091781,C008825,18-25,Male,San Francisco,Loyal,P9260,Toys,150.36,25,112.77,2,225.54,Debit Card,2025-11-25,2,0,0,1
T0058374,C011879,46-55,Female,Seattle,New,P1727,Footwear,128.39,30,89.87,3,269.61,PayPal,2025-11-28,0,0,1,1
T0042158,C015193,26-35,Other,Atlanta,Returning,P9376,Home & Kitchen,1068.82,35,694.73,2,1389.46,Cash,2025-12-01,9,0,0,1
T0027766,C009215,26-35,Female,New York,Returning,P7485,Sports,309.89,25,232.42,1,232.42,Gift Card,2025-11-27,0,0,0,1
T0034350,C004166,36-45,Male,New York,New,P9447,Sports,331.25,25,248.44,2,496.88,Debit Card,2025-11-27,12,0,0,1
T0098696,C009803,18-25,Other,Dallas,Returning,P3480,Accessories,298.26,20,238.61,1,238.61,Debit Card,2025-11-24,17,0,0,1
T0076224,C029916,46-55,Female,Dallas,New,P4920,Toys,84.83,35,55.14,1,55.14,Gift Card,2025-11-29,2,1,0,0
T0077044,C007500,56+,Male,San Francisco,New,P5509,Toys,81.46,30,57.02,1,57.02,Credit Card,2025-11-25,20,0,0,0
T0074171,C017088,18-25,Other,New York,Returning,P3468,Accessories,51.93,40,31.16,1,31.16,Cash,2025-11-27,14,0,0,0
T0036332,C025389,36-45,Other,Los Angeles,VIP,P6344,Clothing,212.57,30,148.8,1,148.8,Gift Card,2025-12-01,0,0,0,0
T0069118,C021908,56+,Male,Houston,New,P5251,Electronics,1628.15,15,1383.93,3,4151.79,Mobile Wallet,2025-11-28,19,0,1,1
T0072752,C028494,36-45,Female,Seattle,Loyal,P6923,Clothing,282.52,20,226.02,1,226.02,Credit Card,2025-11-29,15,1,0,1
T0072467,C031079,46-55,Female,Los Angeles,Loyal,P4965,Electronics,374.15,60,149.66,1,149.66,PayPal,2025-11-25,16,0,0,0
T0099899,C021277,26-35,Female,Chicago,Loyal,P8918,Accessories,312.11,35,202.87,1,202.87,PayPal,2025-11-24,3,0,0,1
T0015073,C007959,46-55,Male,Atlanta,Returning,P3815,Accessories,434.29,15,369.15,1,369.15,PayPal,2025-11-27,9,0,0,1
T0077957,C031971,18-25,Male,Phoenix,Returning,P2134,Home & Kitchen,260.36,10,234.32,1,234.32,Gift Card,2025-12-01,22,0,0,1
T0032549,C021809,26-35,Female,Los Angeles,Loyal,P4497,Clothing,105.37,20,84.3,1,84.3,Mobile Wallet,2025-11-30,9,1,0,0
T0063717,C001680,36-45,Female,Houston,Loyal,P2445,Sports,346.78,35,225.41,1,225.41,PayPal,2025-12-01,23,0,0,1
T0013006,C006283,18-25,Male,New York,VIP,P6720,Clothing,155.26,35,100.92,3,302.76,PayPal,2025-11-25,13,0,0,1
T0081657,C015953,46-55,Other,Los Angeles,VIP,P5669,Beauty,71.58,20,57.26,2,114.52,Mobile Wallet,2025-11-29,11,1,0,0
T0045717,C000135,36-45,Female,Chicago,VIP,P4072,Home & Kitchen,1058.51,25,793.88,1,793.88,Mobile Wallet,2025-11-30,4,1,0,1
T0000605,C029544,56+,Male,Atlanta,New,P1032,Footwear,349.04,30,244.33,1,244.33,Credit Card,2025-11-26,23,0,0,1
T0013260,C016108,56+,Female,Miami,VIP,P7563,Beauty,61.58,35,40.03,2,80.06,Gift Card,2025-11-24,1,0,0,0
T0056056,C014863,18-25,Male,Chicago,Returning,P2035,Toys,180.88,40,108.53,1,108.53,Gift Card,2025-11-27,2,0,0,0
T0042957,C016458,36-45,Other,New York,Loyal,P8012,Groceries,173.87,40,104.32,2,208.64,PayPal,2025-11-27,3,0,0,1
T0090979,C013915,36-45,Other,Dallas,Loyal,P1373,Clothing,158.35,30,110.84,1,110.84,Cash,2025-11-24,22,0,0,0
T0094888,C015850,46-55,Male,Phoenix,Loyal,P3284,Electronics,2198.82,35,1429.23,1,1429.23,Debit Card,2025-11-29,18,1,0,1
T0081389,C020316,26-35,Male,Dallas,New,P9111,Electronics,2353.53,15,2000.5,4,8002.0,Debit Card,2025-11-30,18,1,0,1
T0098014,C018565,46-55,Female,Miami,Returning,P4350,Accessories,189.29,35,123.04,1,123.04,Cash,2025-11-24,13,0,0,0
T0053929,C014628,18-25,Male,Los Angeles,Returning,P7524,Footwear,31.85,10,28.67,1,28.67,Mobile Wallet,2025-11-29,1,1,0,0
T0027822,C005338,46-55,Other,Seattle,New,P7628,Electronics,439.15,20,351.32,1,351.32,Mobile Wallet,2025-11-27,7,0,0,1
T0007684,C032299,36-45,Male,Dallas,New,P1537,Groceries,196.77,50,98.38,1,98.38,Cash,2025-11-24,5,0,0,0
T0050612,C010184,36-45,Female,Houston,Loyal,P2493,Accessories,212.62,15,180.73,1,180.73,PayPal,2025-11-29,10,1,0,1
T0093644,C009155,56+,Other,San Francisco,Returning,P2002,Home & Kitchen,870.2,25,652.65,1,652.65,Cash,2025-11-24,4,0,0,1
T0046459,C014295,36-45,Male,New York,Loyal,P6366,Beauty,207.74,5,197.35,1,197.35,Credit Card,2025-11-28,20,0,1,1
T0022306,C016189,56+,Other,Atlanta,Loyal,P4324,Books,116.58,35,75.78,1,75.78,PayPal,2025-11-30,4,1,0,0
T0032378,C016833,56+,Other,San Francisco,New,P7907,Sports,500.57,20,400.46,1,400.46,Cash,2025-11-26,14,0,0,1
T0057312,C008258,18-25,Male,Houston,New,P1257,Toys,151.17,25,113.38,1,113.38,PayPal,2025-11-26,10,0,0,0
T0013806,C003661,56+,Male,Dallas,Returning,P7392,Sports,579.45,30,405.62,1,405.62,PayPal,2025-11-25,13,0,0,1
T0031350,C031601,56+,Other,San Francisco,New,P1404,Home & Kitchen,55.02,15,46.77,1,46.77,Cash,2025-11-30,23,1,0,0
T0023498,C031001,26-35,Female,Atlanta,New,P8338,Beauty,113.01,15,96.06,1,96.06,Debit Card,2025-11-26,14,0,0,0
T0091745,C023580,18-25,Other,Seattle,Loyal,P2321,Accessories,210.45,40,126.27,1,126.27,Cash,2025-11-30,10,1,0,0
T0057512,C013776,56+,Other,Dallas,Returning,P4626,Clothing,181.1,5,172.04,1,172.04,Gift Card,2025-11-30,1,1,0,1
T0001407,C015675,26-35,Other,Chicago,New,P7823,Electronics,1343.2,50,671.6,1,671.6,Gift Card,2025-11-27,1,0,0,1
T0034272,C004968,18-25,Female,Seattle,New,P9168,Home & Kitchen,338.0,20,270.4,1,270.4,Mobile Wallet,2025-11-26,22,0,0,1
T0059277,C034610,36-45,Female,San Francisco,Returning,P4807,Accessories,454.08,20,363.26,1,363.26,Debit Card,2025-11-28,8,0,1,1
T0094172,C027231,18-25,Female,Seattle,Loyal,P1741,Groceries,51.28,5,48.72,1,48.72,Credit Card,2025-11-24,6,0,0,0
T0055326,C000382,46-55,Other,San Francisco,Returning,P1555,Toys,81.53,25,61.15,1,61.15,Cash,2025-11-27,7,0,0,0
T0048308,C026922,46-55,Male,New York,New,P8429,Groceries,140.0,50,70.0,1,70.0,Mobile Wallet,2025-11-24,23,0,0,0
T0036991,C013357,26-35,Other,Miami,New,P2212,Electronics,620.3,20,496.24,3,1488.72,Mobile Wallet,2025-11-24,22,0,0,1
T0080515,C026587,46-55,Other,Houston,New,P3868,Toys,36.21,15,30.78,2,61.56,Mobile Wallet,2025-11-28,18,0,1,0
T0099005,C016505,46-55,Female,Los Angeles,New,P8288,Groceries,48.06,20,38.45,2,76.9,PayPal,2025-11-29,20,1,0,0
T0012352,C028722,36-45,Male,Seattle,Loyal,P7195,Clothing,147.92,5,140.52,1,140.52,PayPal,2025-11-24,23,0,0,0
T0039306,C014688,26-35,Female,Miami,New,P5991,Beauty,220.69,5,209.66,1,209.66,Mobile Wallet,2025-11-28,6,0,1,1
T0013508,C033345,26-35,Female,San Francisco,Loyal,P6712,Toys,118.34,15,100.59,1,100.59,Cash,2025-11-29,21,1,0,0
T0002404,C019690,56+,Male,Los Angeles,Returning,P8081,Toys,214.65,30,150.26,2,300.52,Gift Card,2025-11-28,11,0,1,1
T0096214,C001067,26-35,Male,San Francisco,Returning,P8718,Beauty,100.24,25,75.18,1,75.18,Credit Card,2025-11-26,3,0,0,0
T0031336,C028357,46-55,Male,Atlanta,Returning,P9429,Accessories,303.41,30,212.39,1,212.39,Mobile Wallet,2025-11-27,17,0,0,1
T0051845,C013213,18-25,Male,Atlanta,New,P6954,Clothing,72.19,20,57.75,1,57.75,Cash,2025-11-27,11,0,0,0
T0027878,C007623,46-55,Other,New York,VIP,P5725,Clothing,62.39,25,46.79,1,46.79,Debit Card,2025-11-25,6,0,0,0
T0007456,C002640,36-45,Other,Dallas,Returning,P7073,Sports,184.07,5,174.87,1,174.87,Credit Card,2025-11-28,14,0,1,1
T0063204,C025493,46-55,Other,Atlanta,Returning,P5468,Accessories,446.92,25,335.19,2,670.38,Debit Card,2025-11-27,3,0,0,1
T0058647,C026450,56+,Male,New York,Returning,P1993,Groceries,153.32,25,114.99,1,114.99,Mobile Wallet,2025-11-28,2,0,1,0
T0016841,C008442,56+,Male,Miami,Returning,P8577,Clothing,107.36,25,80.52,4,322.08,Mobile Wallet,2025-11-24,3,0,0,1
T0018431,C028278,18-25,Female,San Francisco,Returning,P8843,Footwear,110.09,35,71.56,1,71.56,Credit Card,2025-12-01,2,0,0,0
T0040770,C022649,46-55,Male,Chicago,New,P7074,Accessories,229.09,25,171.82,1,171.82,Credit Card,2025-11-24,13,0,0,1
T0060184,C011569,26-35,Female,Houston,VIP,P3691,Beauty,202.05,10,181.85,1,181.85,PayPal,2025-11-27,15,0,0,1
T0062479,C023253,18-25,Female,Los Angeles,Loyal,P9080,Accessories,121.67,15,103.42,1,103.42,PayPal,2025-11-27,3,0,0,0
T0026757,C000237,46-55,Female,Miami,New,P1968,Footwear,107.13,60,42.85,1,42.85,PayPal,2025-11-30,9,1,0,0
T0009721,C005100,26-35,Male,Seattle,Loyal,P4876,Sports,486.19,20,388.95,1,388.95,Credit Card,2025-11-25,21,0,0,1
T0099415,C034994,26-35,Female,Houston,Returning,P8281,Groceries,148.77,50,74.39,2,148.78,Mobile Wallet,2025-11-28,5,0,1,0
T0068186,C012175,36-45,Male,Phoenix,New,P4524,Footwear,123.11,60,49.24,1,49.24,PayPal,2025-11-29,1,1,0,0
T0084294,C019668,26-35,Other,Miami,New,P2809,Beauty,192.92,30,135.04,1,135.04,Credit Card,2025-11-28,23,0,1,0
T0054535,C025113,18-25,Other,Miami,VIP,P7910,Electronics,1626.71,25,1220.03,1,1220.03,Gift Card,2025-11-30,16,1,0,1
T0021845,C017608,56+,Female,Dallas,Returning,P9375,Home & Kitchen,84.78,50,42.39,1,42.39,Gift Card,2025-11-28,9,0,1,0
T0003280,C016901,36-45,Male,Seattle,Returning,P2726,Groceries,49.7,20,39.76,1,39.76,PayPal,2025-11-28,1,0,1,0
T0002421,C013095,26-35,Female,Houston,VIP,P3405,Accessories,42.47,35,27.61,2,55.22,Gift Card,2025-11-30,1,1,0,0
T0009181,C029392,36-45,Other,New York,New,P7720,Footwear,86.35,10,77.72,2,155.44,Mobile Wallet,2025-11-29,2,1,0,0
T0094672,C004071,56+,Other,Miami,Loyal,P4200,Beauty,54.57,15,46.38,1,46.38,Gift Card,2025-11-24,10,0,0,0
T0067235,C007329,36-45,Male,Phoenix,New,P3360,Accessories,76.81,15,65.29,2,130.58,Cash,2025-12-01,15,0,0,0
T0024914,C025658,56+,Other,Dallas,Loyal,P5932,Footwear,196.24,20,156.99,2,313.98,Cash,2025-11-24,6,0,0,1
T0083271,C005543,36-45,Male,Los Angeles,Returning,P2117,Home & Kitchen,1077.72,25,808.29,2,1616.58,Credit Card,2025-11-28,17,0,1,1
T0094238,C001013,46-55,Other,Phoenix,Loyal,P2792,Sports,567.95,50,283.98,1,283.98,Gift Card,2025-11-27,0,0,0,1
T0019104,C005548,26-35,Other,Dallas,Loyal,P7608,Sports,371.18,20,296.94,1,296.94,Cash,2025-11-27,16,0,0,1
T0071525,C021377,18-25,Male,Chicago,Loyal,P1237,Groceries,124.73,20,99.78,1,99.78,Credit Card,2025-12-01,1,0,0,0
T0087075,C003095,36-45,Male,Chicago,Loyal,P8652,Sports,352.84,50,176.42,1,176.42,Cash,2025-11-27,4,0,0,1
T0004593,C000599,36-45,Male,Houston,New,P6555,Footwear,234.04,25,175.53,1,175.53,Cash,2025-11-30,21,1,0,1
T0013150,C032459,36-45,Male,Miami,Returning,P5891,Home & Kitchen,1101.08,30,770.76,1,770.76,Gift Card,2025-11-28,20,0,1,1
T0002937,C004082,18-25,Female,New York,Returning,P7891,Home & Kitchen,462.36,10,416.12,1,416.12,Mobile Wallet,2025-11-26,10,0,0,1
T0026297,C019434,26-35,Other,Dallas,Returning,P4080,Footwear,216.0,35,140.4,1,140.4,Credit Card,2025-11-24,10,0,0,0
T0098300,C030302,46-55,Other,New York,New,P7899,Electronics,1470.19,25,1102.64,1,1102.64,Cash,2025-11-25,1,0,0,1
T0028989,C030401,36-45,Female,Seattle,New,P4565,Home & Kitchen,542.76,35,352.79,1,352.79,PayPal,2025-11-24,12,0,0,1
T0023638,C027590,26-35,Female,Seattle,New,P2383,Home & Kitchen,119.01,20,95.21,4,380.84,Cash,2025-11-26,13,0,0,1
T0032139,C008422,56+,Male,Chicago,VIP,P3213,Groceries,114.2,40,68.52,3,205.56,Mobile Wallet,2025-11-24,23,0,0,1
T0009785,C006795,56+,Other,Atlanta,Loyal,P8241,Electronics,1506.96,15,1280.92,1,1280.92,PayPal,2025-11-30,14,1,0,1
T0033619,C020837,46-55,Male,New York,VIP,P1989,Books,55.95,50,27.98,1,27.98,PayPal,2025-11-26,0,0,0,0
T0017269,C007076,56+,Male,Atlanta,New,P9932,Home & Kitchen,118.62,10,106.76,3,320.28,Mobile Wallet,2025-12-01,23,0,0,1
T0081740,C011636,46-55,Male,Miami,Returning,P9766,Electronics,1994.92,15,1695.68,1,1695.68,Credit Card,2025-11-25,4,0,0,1
T0092710,C021781,26-35,Male,San Francisco,Returning,P4766,Footwear,214.79,10,193.31,1,193.31,PayPal,2025-11-27,22,0,0,1
T0063916,C006704,18-25,Female,Miami,New,P7070,Clothing,264.34,40,158.6,1,158.6,Mobile Wallet,2025-11-27,14,0,0,0
T0007639,C021079,46-55,Female,San Francisco,Loyal,P3713,Clothing,106.36,40,63.82,1,63.82,Debit Card,2025-11-26,8,0,0,0
T0037009,C000792,46-55,Male,Miami,Returning,P4466,Groceries,56.95,25,42.71,1,42.71,Mobile Wallet,2025-11-28,17,0,1,0
T0011736,C015412,26-35,Female,Los Angeles,Loyal,P5526,Sports,445.98,35,289.89,1,289.89,Debit Card,2025-11-28,13,0,1,1
T0001553,C012244,36-45,Female,Chicago,Returning,P7526,Toys,203.34,10,183.01,1,183.01,PayPal,2025-11-27,21,0,0,1
T0098252,C004015,46-55,Male,Miami,Returning,P9630,Groceries,15.11,40,9.07,1,9.07,Mobile Wallet,2025-11-28,5,0,1,0
T0035772,C019887,56+,Male,Phoenix,VIP,P8971,Electronics,1433.69,35,931.9,1,931.9,Gift Card,2025-12-01,1,0,0,1
T0014099,C004393,56+,Male,Atlanta,Returning,P1277,Accessories,173.68,35,112.89,1,112.89,Cash,2025-11-24,18,0,0,0
T0066770,C025727,36-45,Female,Seattle,VIP,P5913,Groceries,164.15,35,106.7,5,533.5,Credit Card,2025-11-28,6,0,1,1
T0083779,C011208,56+,Male,Chicago,Loyal,P1577,Clothing,248.02,30,173.61,4,694.44,Gift Card,2025-11-25,9,0,0,1
T0059071,C005925,46-55,Female,Dallas,New,P3933,Accessories,123.75,35,80.44,1,80.44,PayPal,2025-12-01,5,0,0,0
T0069561,C032869,18-25,Female,Dallas,VIP,P3959,Groceries,52.95,20,42.36,1,42.36,Debit Card,2025-11-24,15,0,0,0
T0025076,C029929,46-55,Female,New York,New,P7083,Books,40.92,25,30.69,1,30.69,PayPal,2025-11-28,22,0,1,0
T0079864,C008051,36-45,Male,Houston,Loyal,P5635,Clothing,153.87,20,123.1,2,246.2,Credit Card,2025-11-24,4,0,0,1
T0002035,C029937,18-25,Male,New York,Returning,P9715,Home & Kitchen,299.28,25,224.46,2,448.92,Cash,2025-11-24,23,0,0,1
T0083669,C022239,36-45,Other,Seattle,Returning,P9214,Clothing,285.51,30,199.86,1,199.86,Debit Card,2025-11-25,16,0,0,1
T0050749,C002621,26-35,Other,Houston,Returning,P4655,Footwear,122.27,10,110.04,1,110.04,Gift Card,2025-11-26,1,0,0,0
T0001494,C012276,46-55,Male,Chicago,Loyal,P1721,Toys,262.71,25,197.03,1,197.03,Cash,2025-11-28,21,0,1,1
T0015524,C026596,18-25,Other,Phoenix,New,P1312,Clothing,171.63,30,120.14,1,120.14,Mobile Wallet,2025-11-26,7,0,0,0
T0031472,C023777,36-45,Male,Dallas,New,P2106,Footwear,120.91,25,90.68,1,90.68,Mobile Wallet,2025-11-28,3,0,1,0
T0088832,C006282,26-35,Male,Houston,Loyal,P7142,Sports,597.54,5,567.66,2,1135.32,Gift Card,2025-11-26,0,0,0,1
T0002091,C013506,36-45,Female,San Francisco,New,P4328,Books,48.46,25,36.34,1,36.34,Gift Card,2025-11-26,9,0,0,0
T0081172,C024937,56+,Other,Los Angeles,New,P3547,Sports,271.77,50,135.88,1,135.88,Cash,2025-12-01,8,0,0,0
T0059364,C035000,46-55,Female,Dallas,Returning,P3326,Beauty,48.39,30,33.87,1,33.87,Gift Card,2025-12-01,4,0,0,0
T0068234,C023266,18-25,Female,Chicago,Loyal,P4954,Clothing,230.34,25,172.76,1,172.76,Debit Card,2025-11-29,21,1,0,1
T0034215,C014188,18-25,Female,San Francisco,Loyal,P7520,Books,92.2,25,69.15,2,138.3,Mobile Wallet,2025-12-01,12,0,0,0
T0018525,C004167,26-35,Female,Miami,Loyal,P5491,Beauty,206.47,20,165.18,2,330.36,Credit Card,2025-11-25,22,0,0,1
T0018258,C028276,26-35,Female,New York,Loyal,P7249,Books,39.78,30,27.85,1,27.85,Cash,2025-11-30,11,1,0,0
T0055466,C003635,56+,Other,Seattle,New,P2846,Footwear,338.22,10,304.4,1,304.4,Debit Card,2025-11-27,5,0,0,1
T0044145,C025769,18-25,Female,Atlanta,Returning,P5737,Clothing,43.72,25,32.79,1,32.79,Debit Card,2025-11-28,7,0,1,0
T0076245,C000340,18-25,Other,Houston,New,P9631,Toys,152.16,30,106.51,1,106.51,Debit Card,2025-11-30,4,1,0,0
T0039839,C030003,18-25,Female,New York,Returning,P1348,Clothing,278.44,25,208.83,2,417.66,Cash,2025-12-01,3,0,0,1
T0099830,C023169,18-25,Other,Dallas,New,P3727,Clothing,151.99,10,136.79,1,136.79,Cash,2025-11-24,7,0,0,0
T0049406,C023641,56+,Male,Houston,VIP,P1639,Sports,303.54,20,242.83,1,242.83,Credit Card,2025-11-30,1,1,0,1
T0093589,C003956,36-45,Other,Houston,Returning,P8412,Toys,121.7,10,109.53,1,109.53,Debit Card,2025-11-30,3,1,0,0
T0062169,C031118,36-45,Male,San Francisco,Returning,P9281,Footwear,323.68,15,275.13,1,275.13,Credit Card,2025-11-25,10,0,0,1
T0025594,C021960,36-45,Female,Dallas,VIP,P5868,Groceries,106.17,35,69.01,3,207.03,Credit Card,2025-11-30,2,1,0,1
T0061575,C009351,26-35,Other,Los Angeles,Returning,P9942,Electronics,1886.75,35,1226.39,1,1226.39,Gift Card,2025-11-25,11,0,0,1
T0035233,C025598,56+,Male,Chicago,VIP,P7819,Beauty,225.01,5,213.76,2,427.52,Cash,2025-11-25,22,0,0,1
T0002876,C005105,36-45,Male,Chicago,Returning,P3840,Toys,47.27,40,28.36,1,28.36,Debit Card,2025-11-24,19,0,0,0
T0081840,C030876,26-35,Female,Phoenix,Returning,P3767,Home & Kitchen,633.41,30,443.39,4,1773.56,Gift Card,2025-11-25,22,0,0,1
T0053127,C029499,36-45,Male,Atlanta,Returning,P1902,Footwear,151.09,25,113.32,1,113.32,Debit Card,2025-11-29,9,1,0,0
T0099003,C028255,56+,Other,San Francisco,New,P4022,Toys,62.79,30,43.95,1,43.95,PayPal,2025-12-01,20,0,0,0
T0020368,C025545,36-45,Female,San Francisco,Returning,P6046,Toys,297.01,30,207.91,1,207.91,Cash,2025-11-29,10,1,0,1
T0020769,C030034,18-25,Male,Dallas,New,P7043,Groceries,176.58,35,114.78,2,229.56,Credit Card,2025-11-27,5,0,0,1
T0010786,C034898,56+,Other,New York,New,P6493,Books,92.32,35,60.01,1,60.01,PayPal,2025-12-01,5,0,0,0
T0035392,C018610,46-55,Female,Atlanta,Returning,P6932,Toys,163.93,35,106.55,2,213.1,Debit Card,2025-12-01,13,0,0,1
T0027138,C014309,36-45,Other,Seattle,New,P5876,Clothing,71.86,25,53.9,4,215.6,PayPal,2025-11-30,2,1,0,1
T0063486,C004610,46-55,Male,Dallas,Loyal,P6711,Footwear,342.96,10,308.66,2,617.32,Gift Card,2025-11-27,17,0,0,1
T0074920,C012427,18-25,Female,Los Angeles,Loyal,P7923,Electronics,636.79,20,509.43,1,509.43,Gift Card,2025-11-26,21,0,0,1
T0088808,C011982,26-35,Male,Dallas,VIP,P3078,Clothing,40.02,35,26.01,1,26.01,Gift Card,2025-11-30,7,1,0,0
T0076681,C011680,56+,Male,New York,Returning,P1051,Beauty,34.59,5,32.86,3,98.58,Debit Card,2025-11-29,17,1,0,0
T0089445,C009576,18-25,Male,Houston,Loyal,P3295,Home & Kitchen,62.22,35,40.44,1,40.44,Cash,2025-11-26,14,0,0,0
T0039128,C034074,26-35,Male,Miami,VIP,P3704,Electronics,2162.09,5,2053.99,4,8215.96,Debit Card,2025-11-26,2,0,0,1
T0010336,C001022,56+,Other,Houston,Loyal,P4686,Books,108.45,30,75.91,4,303.64,PayPal,2025-11-26,20,0,0,1
T0012065,C028839,56+,Female,Phoenix,Loyal,P6615,Sports,327.82,50,163.91,1,163.91,Cash,2025-11-24,16,0,0,1
T0018329,C007190,56+,Other,Dallas,New,P5538,Books,109.17,20,87.34,1,87.34,PayPal,2025-11-27,1,0,0,0
T0040918,C019171,18-25,Male,San Francisco,New,P8411,Beauty,39.58,15,33.64,1,33.64,Debit Card,2025-11-24,1,0,0,0
T0040105,C013684,56+,Male,Chicago,Loyal,P5310,Books,97.97,25,73.48,1,73.48,Gift Card,2025-11-29,9,1,0,0
T0086012,C014745,56+,Other,New York,Returning,P7111,Sports,419.49,35,272.67,2,545.34,Gift Card,2025-11-27,4,0,0,1
T0019901,C034675,18-25,Female,Dallas,Loyal,P1135,Toys,29.83,20,23.86,1,23.86,Debit Card,2025-12-01,13,0,0,0
T0068762,C009606,46-55,Male,Houston,New,P4436,Books,57.19,25,42.89,2,85.78,PayPal,2025-11-29,1,1,0,0
T0003650,C017815,26-35,Male,Chicago,VIP,P6473,Sports,225.03,5,213.78,1,213.78,Cash,2025-11-26,2,0,0,1
T0013733,C003869,26-35,Female,Dallas,New,P7956,Footwear,85.22,35,55.39,1,55.39,PayPal,2025-11-29,15,1,0,0
T0021732,C024297,46-55,Female,Los Angeles,New,P4053,Beauty,139.74,35,90.83,2,181.66,Debit Card,2025-11-25,10,0,0,1
T0062796,C020266,56+,Other,Atlanta,New,P1681,Beauty,133.79,10,120.41,1,120.41,Cash,2025-11-30,11,1,0,0
T0035639,C029226,36-45,Male,Seattle,New,P1770,Toys,79.7,35,51.81,1,51.81,Cash,2025-12-01,6,0,0,0
T0030221,C032774,26-35,Other,Los Angeles,Returning,P5084,Books,51.4,30,35.98,1,35.98,Credit Card,2025-11-25,23,0,0,0
T0099774,C003377,26-35,Other,San Francisco,Returning,P8130,Footwear,172.53,25,129.4,2,258.8,Debit Card,2025-11-30,18,1,0,1
T0093240,C019442,26-35,Male,Dallas,New,P9278,Sports,93.49,40,56.09,2,112.18,Debit Card,2025-11-30,0,1,0,0
T0023822,C031484,18-25,Male,Miami,Loyal,P4768,Electronics,1308.78,40,785.27,1,785.27,Gift Card,2025-11-30,21,1,0,1
T0090318,C013265,36-45,Female,Seattle,Returning,P2805,Sports,570.76,30,399.53,1,399.53,Gift Card,2025-11-27,2,0,0,1
T0029866,C016004,26-35,Female,Seattle,Returning,P7781,Home & Kitchen,774.23,30,541.96,1,541.96,Cash,2025-11-27,16,0,0,1
T0033703,C033791,26-35,Other,Dallas,Loyal,P7417,Toys,24.85,25,18.64,2,37.28,PayPal,2025-11-27,16,0,0,0
T0048533,C014857,26-35,Female,Atlanta,Loyal,P1213,Electronics,1285.93,5,1221.63,1,1221.63,Credit Card,2025-11-29,8,1,0,1
T0067566,C023886,56+,Female,Los Angeles,VIP,P9259,Beauty,205.55,10,185.0,1,185.0,Credit Card,2025-12-01,4,0,0,1
T0093856,C019198,46-55,Male,Phoenix,New,P2648,Groceries,46.74,15,39.73,2,79.46,Gift Card,2025-11-30,4,1,0,0
T0098780,C023007,18-25,Other,Dallas,Returning,P9984,Sports,151.36,60,60.54,1,60.54,Debit Card,2025-11-30,6,1,0,0
T0072173,C003871,36-45,Other,Atlanta,Loyal,P6477,Beauty,136.06,40,81.64,1,81.64,Gift Card,2025-11-27,15,0,0,0
T0085726,C010071,18-25,Female,Seattle,VIP,P9202,Footwear,234.43,15,199.27,1,199.27,Mobile Wallet,2025-11-26,9,0,0,1
T0057176,C014576,56+,Female,Chicago,Loyal,P1586,Sports,151.99,20,121.59,2,243.18,Gift Card,2025-11-30,14,1,0,1
T0070292,C011432,46-55,Female,Dallas,Returning,P1132,Electronics,651.96,30,456.37,2,912.74,Credit Card,2025-11-26,7,0,0,1
T0054994,C012496,56+,Other,Los Angeles,Returning,P8141,Groceries,84.95,25,63.71,1,63.71,Cash,2025-11-24,8,0,0,0
T0060759,C010515,26-35,Female,Phoenix,New,P9709,Sports,118.9,35,77.29,1,77.29,Debit Card,2025-11-27,4,0,0,0
T0012130,C022559,26-35,Other,Seattle,Returning,P4711,Home & Kitchen,612.77,40,367.66,1,367.66,Credit Card,2025-11-25,6,0,0,1
T0089953,C030928,46-55,Other,Seattle,VIP,P4493,Sports,308.69,60,123.48,1,123.48,Gift Card,2025-11-26,16,0,0,0
T0065348,C031722,26-35,Female,New York,Returning,P5927,Footwear,90.26,20,72.21,2,144.42,Mobile Wallet,2025-11-29,17,1,0,0
T0038898,C016430,18-25,Female,San Francisco,Returning,P8736,Toys,112.45,35,73.09,1,73.09,Debit Card,2025-11-25,13,0,0,0
T0040255,C008012,26-35,Other,Chicago,Returning,P4840,Footwear,46.86,15,39.83,1,39.83,Gift Card,2025-11-24,12,0,0,0
T0087168,C013604,18-25,Female,Seattle,Loyal,P9978,Sports,133.15,10,119.84,2,239.68,Mobile Wallet,2025-11-26,7,0,0,1
T0019751,C000955,46-55,Female,Atlanta,New,P4499,Electronics,848.3,30,593.81,1,593.81,PayPal,2025-11-30,15,1,0,1
T0045866,C019741,26-35,Other,Houston,Loyal,P7108,Books,71.82,30,50.27,1,50.27,Cash,2025-11-25,12,0,0,0
T0005630,C019928,56+,Female,Seattle,Loyal,P9755,Clothing,165.04,25,123.78,1,123.78,Cash,2025-11-28,18,0,1,0
T0052554,C001083,56+,Other,Miami,New,P3099,Sports,438.78,15,372.96,1,372.96,Credit Card,2025-11-29,22,1,0,1
T0017991,C014355,26-35,Male,Chicago,New,P6790,Accessories,228.05,30,159.64,1,159.64,Debit Card,2025-11-26,0,0,0,0
T0021335,C019303,26-35,Female,Los Angeles,New,P4867,Books,105.45,15,89.63,1,89.63,Cash,2025-11-25,18,0,0,0
T0025688,C016865,18-25,Other,Atlanta,Returning,P5488,Electronics,2273.12,20,1818.5,1,1818.5,PayPal,2025-11-29,8,1,0,1
T0006257,C026055,26-35,Female,New York,Returning,P7936,Footwear,100.57,60,40.23,1,40.23,PayPal,2025-11-28,15,0,1,0
T0022852,C012245,46-55,Other,Los Angeles,New,P3296,Home & Kitchen,224.59,20,179.67,4,718.68,Gift Card,2025-11-29,10,1,0,1
T0093343,C026819,18-25,Male,Phoenix,New,P4646,Beauty,169.74,35,110.33,1,110.33,Debit Card,2025-11-25,22,0,0,0
T0066258,C034619,26-35,Male,Chicago,New,P8187,Clothing,144.88,20,115.9,1,115.9,Mobile Wallet,2025-11-27,22,0,0,0
T0048254,C022827,36-45,Male,Chicago,Returning,P3030,Beauty,108.12,20,86.5,1,86.5,Debit Card,2025-11-24,21,0,0,0
T0046724,C034287,46-55,Male,New York,New,P1469,Groceries,116.91,25,87.68,4,350.72,PayPal,2025-11-26,17,0,0,1
T0048809,C012404,18-25,Male,Houston,Loyal,P1647,Home & Kitchen,312.57,25,234.43,1,234.43,Debit Card,2025-12-01,23,0,0,1
T0091133,C003389,36-45,Female,Seattle,Loyal,P6872,Groceries,84.85,20,67.88,2,135.76,Mobile Wallet,2025-11-25,7,0,0,0
T0036692,C013056,26-35,Male,Seattle,Returning,P3735,Accessories,283.63,40,170.18,1,170.18,Cash,2025-11-30,10,1,0,1
T0001846,C028904,26-35,Female,Dallas,Returning,P6948,Electronics,1522.66,15,1294.26,1,1294.26,Debit Card,2025-11-29,18,1,0,1
T0064617,C010775,26-35,Male,New York,Loyal,P2515,Sports,369.29,30,258.5,2,517.0,Mobile Wallet,2025-11-27,12,0,0,1
T0028104,C034543,46-55,Other,Los Angeles,Returning,P9647,Footwear,107.43,15,91.32,1,91.32,Mobile Wallet,2025-11-24,5,0,0,0
T0089079,C028969,26-35,Male,Miami,New,P2740,Sports,480.13,50,240.06,1,240.06,Credit Card,2025-11-29,1,1,0,1
T0088651,C021337,18-25,Female,Dallas,Returning,P5216,Electronics,1783.95,50,891.98,1,891.98,Debit Card,2025-11-30,3,1,0,1
T0080656,C019066,46-55,Female,Seattle,Returning,P4159,Accessories,14.06,25,10.54,2,21.08,Credit Card,2025-12-01,16,0,0,0
T0000009,C027652,36-45,Female,Los Angeles,Returning,P4350,Groceries,114.32,35,74.31,2,148.62,Cash,2025-12-01,18,0,0,0
T0049517,C005742,18-25,Male,Phoenix,VIP,P8094,Sports,470.3,30,329.21,1,329.21,Cash,2025-11-30,3,1,0,1
T0037858,C019356,46-55,Other,Chicago,Returning,P8415,Toys,92.75,25,69.56,2,139.12,Credit Card,2025-11-28,15,0,1,0
T0086570,C010961,26-35,Other,Chicago,New,P6475,Electronics,271.17,20,216.94,1,216.94,Debit Card,2025-11-27,9,0,0,1
T0024442,C005440,56+,Female,Dallas,Loyal,P5827,Home & Kitchen,992.65,20,794.12,1,794.12,Mobile Wallet,2025-11-26,22,0,0,1
T0024410,C021179,18-25,Male,Miami,Loyal,P2033,Clothing,32.32,5,30.7,1,30.7,Cash,2025-11-25,7,0,0,0
T0032895,C019279,36-45,Other,San Francisco,Loyal,P5782,Accessories,421.79,40,253.07,5,1265.35,Cash,2025-11-25,21,0,0,1
T0084333,C000200,18-25,Male,Miami,New,P4960,Toys,164.43,30,115.1,1,115.1,Gift Card,2025-11-28,9,0,1,0
T0001088,C033636,36-45,Male,Houston,Returning,P9102,Electronics,2120.98,40,1272.59,1,1272.59,Credit Card,2025-11-24,4,0,0,1
T0025723,C014914,56+,Other,San Francisco,Returning,P3020,Home & Kitchen,87.31,60,34.92,1,34.92,Debit Card,2025-11-29,12,1,0,0
T0055268,C006297,56+,Male,New York,Returning,P2175,Clothing,281.56,5,267.48,1,267.48,Gift Card,2025-11-24,15,0,0,1
T0025033,C002839,56+,Male,Los Angeles,New,P5732,Beauty,177.63,35,115.46,1,115.46,Credit Card,2025-11-26,13,0,0,0
T0037958,C003805,56+,Male,Miami,New,P3479,Sports,409.3,25,306.98,1,306.98,Credit Card,2025-11-25,1,0,0,1
T0009897,C031885,56+,Male,Chicago,VIP,P5291,Groceries,115.18,40,69.11,1,69.11,Credit Card,2025-11-29,2,1,0,0
T0063544,C008045,18-25,Male,Dallas,New,P5644,Books,16.6,40,9.96,3,29.88,Debit Card,2025-11-28,17,0,1,0
T0013223,C005480,56+,Female,Los Angeles,VIP,P3538,Beauty,55.38,25,41.54,2,83.08,Credit Card,2025-11-26,2,0,0,0
T0044044,C000168,18-25,Male,New York,Returning,P7195,Sports,298.63,10,268.77,1,268.77,Debit Card,2025-11-29,11,1,0,1
T0039588,C013839,18-25,Female,Chicago,Loyal,P1306,Home & Kitchen,1000.86,25,750.64,1,750.64,Cash,2025-11-26,23,0,0,1
T0025264,C003816,36-45,Male,Dallas,Loyal,P9394,Accessories,260.87,30,182.61,3,547.83,Gift Card,2025-11-29,12,1,0,1
T0037758,C028980,46-55,Male,Seattle,VIP,P3641,Home & Kitchen,473.63,25,355.22,1,355.22,Debit Card,2025-12-01,4,0,0,1
T0089000,C008175,46-55,Other,Dallas,Loyal,P1180,Footwear,246.18,25,184.64,1,184.64,Cash,2025-11-24,19,0,0,1
T0096524,C001970,56+,Other,Los Angeles,VIP,P4642,Books,86.78,40,52.07,1,52.07,Credit Card,2025-11-26,2,0,0,0
T0099880,C011534,26-35,Other,Seattle,Loyal,P3314,Books,22.55,50,11.28,1,11.28,PayPal,2025-11-24,19,0,0,0
T0064861,C027326,46-55,Other,Dallas,Loyal,P1357,Home & Kitchen,799.4,25,599.55,1,599.55,Mobile Wallet,2025-11-25,2,0,0,1
T0000327,C020203,26-35,Other,New York,Returning,P8430,Electronics,716.25,20,573.0,1,573.0,Credit Card,2025-11-27,14,0,0,1
T0099425,C008599,56+,Female,Dallas,Loyal,P8098,Groceries,33.23,30,23.26,1,23.26,PayPal,2025-11-30,14,1,0,0
T0056264,C031437,46-55,Other,Chicago,Returning,P6623,Sports,84.27,20,67.42,2,134.84,Credit Card,2025-11-24,3,0,0,0
T0020013,C034883,36-45,Female,Seattle,Returning,P5968,Beauty,241.9,35,157.24,3,471.72,Credit Card,2025-11-27,7,0,0,1
T0072227,C034139,18-25,Female,Miami,Loyal,P5034,Sports,20.04,10,18.04,1,18.04,Debit Card,2025-12-01,23,0,0,0
T0095740,C021571,36-45,Female,Atlanta,Loyal,P1211,Toys,233.23,40,139.94,1,139.94,Mobile Wallet,2025-12-01,11,0,0,0
T0055096,C025496,18-25,Male,Seattle,Returning,P1028,Sports,359.55,40,215.73,1,215.73,Debit Card,2025-11-26,19,0,0,1
T0042261,C023093,36-45,Other,Chicago,Returning,P1043,Sports,501.83,20,401.46,1,401.46,Gift Card,2025-11-26,5,0,0,1
T0026642,C015731,56+,Female,San Francisco,VIP,P6762,Electronics,1218.73,30,853.11,1,853.11,Mobile Wallet,2025-11-28,3,0,1,1
T0001769,C030841,36-45,Male,Phoenix,Returning,P6530,Electronics,2255.24,35,1465.91,1,1465.91,Cash,2025-11-29,19,1,0,1
T0058165,C028917,56+,Other,New York,Loyal,P8841,Footwear,344.99,25,258.74,1,258.74,Debit Card,2025-11-24,2,0,0,1
T0079471,C008009,46-55,Other,Seattle,New,P9204,Groceries,195.46,40,117.28,1,117.28,Cash,2025-11-24,0,0,0,0
T0056660,C016593,56+,Male,Miami,Returning,P7126,Home & Kitchen,417.74,10,375.97,3,1127.91,PayPal,2025-11-30,19,1,0,1
T0026828,C009264,18-25,Other,San Francisco,New,P2786,Books,32.85,40,19.71,2,39.42,Mobile Wallet,2025-11-30,2,1,0,0
T0014564,C018891,18-25,Male,Phoenix,Returning,P3588,Accessories,327.0,40,196.2,1,196.2,Debit Card,2025-11-27,7,0,0,1
T0046824,C028622,56+,Female,Miami,Returning,P1597,Books,11.31,25,8.48,1,8.48,PayPal,2025-11-27,22,0,0,0
T0087826,C006950,26-35,Other,New York,Loyal,P9343,Groceries,21.8,5,20.71,2,41.42,Mobile Wallet,2025-11-25,12,0,0,0
T0009124,C027399,46-55,Female,Chicago,Loyal,P5743,Accessories,427.68,25,320.76,1,320.76,PayPal,2025-11-24,22,0,0,1
T0029065,C014054,56+,Female,Miami,New,P6738,Books,51.49,35,33.47,1,33.47,Credit Card,2025-11-24,5,0,0,0
T0029890,C011315,56+,Male,San Francisco,Loyal,P6542,Groceries,25.21,25,18.91,1,18.91,Debit Card,2025-12-01,6,0,0,0
T0053528,C029023,18-25,Other,Miami,Returning,P4923,Accessories,410.79,15,349.17,1,349.17,Mobile Wallet,2025-11-30,21,1,0,1
T0066804,C008880,46-55,Other,Phoenix,Returning,P4864,Beauty,107.06,25,80.3,1,80.3,Gift Card,2025-12-01,10,0,0,0
T0039610,C017836,36-45,Other,Atlanta,Loyal,P6650,Books,83.06,20,66.45,1,66.45,Debit Card,2025-12-01,21,0,0,0
T0059257,C026239,18-25,Other,Phoenix,New,P3771,Footwear,230.49,30,161.34,2,322.68,Debit Card,2025-11-26,20,0,0,1
T0084765,C034752,18-25,Female,Houston,Loyal,P3729,Sports,374.24,10,336.82,1,336.82,Credit Card,2025-11-29,15,1,0,1
T0079066,C033557,26-35,Female,Houston,Returning,P1234,Toys,152.62,20,122.1,1,122.1,Cash,2025-11-28,10,0,1,0
T0011087,C005693,26-35,Other,Atlanta,Returning,P6521,Sports,286.92,60,114.77,4,459.08,PayPal,2025-11-29,7,1,0,1
T0020868,C017818,36-45,Other,Atlanta,VIP,P2046,Home & Kitchen,488.26,20,390.61,4,1562.44,Credit Card,2025-11-28,21,0,1,1
T0015165,C026665,26-35,Female,Seattle,New,P4612,Groceries,165.18,5,156.92,1,156.92,Gift Card,2025-11-29,2,1,0,0
T0018053,C015323,56+,Male,New York,Loyal,P6894,Books,39.01,30,27.31,1,27.31,Mobile Wallet,2025-12-01,4,0,0,0
T0067621,C020855,36-45,Male,Phoenix,New,P6504,Sports,81.02,25,60.76,5,303.8,Gift Card,2025-11-24,0,0,0,1
T0065512,C011362,56+,Other,Houston,Returning,P9214,Home & Kitchen,85.98,10,77.38,1,77.38,PayPal,2025-11-30,20,1,0,0
T0003868,C017318,26-35,Female,San Francisco,Returning,P9328,Clothing,222.34,15,188.99,1,188.99,Credit Card,2025-11-26,10,0,0,1
T0056283,C021164,56+,Male,Los Angeles,Returning,P1269,Toys,131.66,50,65.83,1,65.83,Gift Card,2025-11-28,22,0,1,0
T0061018,C013058,46-55,Male,New York,Returning,P4881,Sports,316.03,30,221.22,1,221.22,Debit Card,2025-11-25,22,0,0,1
T0016301,C033262,46-55,Other,San Francisco,Returning,P5078,Footwear,228.34,40,137.0,1,137.0,Gift Card,2025-11-27,11,0,0,0
T0050747,C030873,18-25,Male,Houston,Loyal,P3339,Toys,162.69,25,122.02,2,244.04,Debit Card,2025-11-24,9,0,0,1
T0086293,C025567,36-45,Male,Miami,New,P6834,Books,82.54,35,53.65,1,53.65,Gift Card,2025-11-26,9,0,0,0
T0097630,C012990,18-25,Female,San Francisco,New,P1121,Books,86.34,25,64.76,2,129.52,Credit Card,2025-12-01,22,0,0,0
T0066893,C033433,36-45,Other,Chicago,Loyal,P5214,Toys,214.82,35,139.63,1,139.63,PayPal,2025-11-29,11,1,0,0
T0078764,C025960,26-35,Other,Atlanta,Loyal,P2640,Accessories,101.63,20,81.3,3,243.9,Credit Card,2025-11-26,16,0,0,1
T0056789,C013216,46-55,Female,Miami,New,P1091,Home & Kitchen,462.41,40,277.45,1,277.45,Mobile Wallet,2025-11-26,22,0,0,1
T0098186,C024445,36-45,Female,Dallas,New,P6732,Toys,143.14,30,100.2,3,300.6,Credit Card,2025-11-24,19,0,0,1
T0001540,C012525,36-45,Other,Houston,Loyal,P6551,Home & Kitchen,284.34,50,142.17,1,142.17,Debit Card,2025-11-27,19,0,0,0
T0078122,C019495,26-35,Other,Atlanta,Loyal,P7327,Electronics,1058.39,15,899.63,1,899.63,Credit Card,2025-11-26,9,0,0,1
T0073560,C032894,36-45,Male,Chicago,Returning,P6097,Accessories,25.3,35,16.44,1,16.44,PayPal,2025-11-29,20,1,0,0
T0030367,C012325,36-45,Female,Los Angeles,Returning,P7275,Books,109.75,20,87.8,2,175.6,PayPal,2025-11-25,19,0,0,1
T0081426,C009763,46-55,Other,Los Angeles,New,P3997,Electronics,1057.87,25,793.4,2,1586.8,Mobile Wallet,2025-12-01,10,0,0,1
T0002763,C019369,36-45,Male,Phoenix,VIP,P4731,Accessories,328.53,30,229.97,1,229.97,Cash,2025-11-24,23,0,0,1
T0078028,C011356,46-55,Male,Los Angeles,Returning,P2092,Footwear,168.02,10,151.22,3,453.66,Debit Card,2025-11-29,19,1,0,1
T0034683,C018696,56+,Female,Atlanta,Returning,P9179,Clothing,264.3,20,211.44,1,211.44,Credit Card,2025-11-26,22,0,0,1
T0066008,C009537,26-35,Other,New York,Loyal,P6598,Accessories,268.21,30,187.75,1,187.75,Gift Card,2025-11-25,4,0,0,1
T0029375,C011226,36-45,Female,Los Angeles,Returning,P8741,Electronics,749.77,30,524.84,4,2099.36,Credit Card,2025-11-24,14,0,0,1
T0066256,C002626,36-45,Male,Chicago,New,P4003,Groceries,187.24,15,159.15,1,159.15,PayPal,2025-12-01,14,0,0,0
T0086591,C011503,36-45,Other,Seattle,Loyal,P9855,Home & Kitchen,33.41,20,26.73,1,26.73,Mobile Wallet,2025-11-27,11,0,0,0
T0098067,C011303,36-45,Male,Houston,Returning,P7937,Electronics,617.74,50,308.87,1,308.87,PayPal,2025-12-01,9,0,0,1
T0070161,C032131,18-25,Female,Phoenix,Loyal,P7061,Sports,23.75,40,14.25,1,14.25,Debit Card,2025-11-25,3,0,0,0
T0072229,C025230,56+,Female,Houston,Loyal,P1412,Home & Kitchen,948.68,10,853.81,1,853.81,Credit Card,2025-11-25,0,0,0,1
T0095580,C007189,18-25,Female,Seattle,New,P3179,Groceries,111.61,35,72.55,5,362.75,PayPal,2025-11-30,14,1,0,1
T0041003,C007421,18-25,Other,Atlanta,New,P6875,Home & Kitchen,1093.24,30,765.27,2,1530.54,Debit Card,2025-11-30,23,1,0,1
T0027300,C023424,26-35,Other,Atlanta,New,P4696,Accessories,394.16,50,197.08,1,197.08,Cash,2025-11-28,10,0,1,1
T0046718,C034538,56+,Female,Phoenix,Loyal,P4566,Beauty,177.49,5,168.62,1,168.62,Cash,2025-11-24,8,0,0,1
T0053860,C034790,36-45,Male,San Francisco,Returning,P3617,Books,63.41,20,50.73,2,101.46,PayPal,2025-11-24,13,0,0,0
T0080840,C003679,56+,Female,Seattle,New,P5801,Beauty,124.51,15,105.83,1,105.83,Gift Card,2025-11-29,22,1,0,0
T0082808,C032251,36-45,Other,Los Angeles,Returning,P5158,Home & Kitchen,1060.57,25,795.43,1,795.43,Mobile Wallet,2025-11-26,8,0,0,1
T0081918,C009931,36-45,Male,New York,New,P3285,Sports,334.93,30,234.45,1,234.45,Debit Card,2025-11-25,12,0,0,1
T0021919,C008610,26-35,Female,Miami,Returning,P1072,Home & Kitchen,285.63,30,199.94,2,399.88,PayPal,2025-11-28,7,0,1,1
T0026266,C031341,56+,Other,Atlanta,Returning,P7986,Accessories,389.98,25,292.48,1,292.48,Gift Card,2025-11-24,22,0,0,1
T0092760,C007796,36-45,Male,Atlanta,Returning,P2086,Home & Kitchen,895.01,35,581.76,1,581.76,Debit Card,2025-11-28,0,0,1,1
T0050983,C033593,46-55,Female,Houston,Loyal,P3490,Electronics,1649.62,10,1484.66,1,1484.66,PayPal,2025-12-01,2,0,0,1
T0082520,C008369,36-45,Male,Phoenix,Returning,P9002,Toys,158.18,25,118.64,1,118.64,Credit Card,2025-11-26,10,0,0,0
T0062882,C009291,56+,Female,New York,Loyal,P2362,Books,12.11,5,11.5,1,11.5,Cash,2025-11-25,5,0,0,0
T0019424,C001774,46-55,Male,San Francisco,VIP,P8827,Groceries,144.05,25,108.04,2,216.08,Mobile Wallet,2025-12-01,14,0,0,1
T0086829,C024832,46-55,Female,Los Angeles,New,P9324,Clothing,269.09,35,174.91,1,174.91,Debit Card,2025-11-25,4,0,0,1
T0082931,C023248,18-25,Male,Houston,Returning,P1552,Home & Kitchen,248.38,20,198.7,2,397.4,PayPal,2025-11-29,11,1,0,1
T0010551,C015185,18-25,Female,Seattle,New,P8779,Sports,136.47,30,95.53,1,95.53,Cash,2025-11-25,13,0,0,0
T0063399,C029840,46-55,Male,Seattle,Loyal,P7430,Beauty,206.17,15,175.24,1,175.24,Debit Card,2025-11-26,5,0,0,1
T0053670,C017837,18-25,Female,Houston,Returning,P4516,Toys,204.58,40,122.75,1,122.75,Cash,2025-11-24,23,0,0,0
T0080490,C017380,26-35,Other,Houston,New,P5024,Clothing,215.58,5,204.8,1,204.8,Cash,2025-11-25,8,0,0,1
T0010724,C026072,26-35,Male,Houston,Returning,P5019,Sports,410.87,25,308.15,1,308.15,Mobile Wallet,2025-12-01,4,0,0,1
T0024841,C012653,46-55,Male,Seattle,Returning,P8721,Electronics,476.38,40,285.83,2,571.66,Debit Card,2025-11-25,9,0,0,1
T0060074,C024683,46-55,Male,Atlanta,VIP,P4579,Electronics,1053.56,5,1000.88,2,2001.76,Gift Card,2025-11-24,7,0,0,1
T0075936,C020057,46-55,Female,Atlanta,New,P4778,Books,39.76,15,33.8,1,33.8,Mobile Wallet,2025-11-26,6,0,0,0
T0097491,C017150,36-45,Male,Phoenix,New,P1358,Accessories,285.46,30,199.82,3,599.46,Gift Card,2025-11-25,7,0,0,1
T0063155,C017277,56+,Other,Chicago,Loyal,P7506,Beauty,159.89,40,95.93,3,287.79,Credit Card,2025-11-25,5,0,0,1
T0082751,C013390,36-45,Female,Chicago,Returning,P5918,Accessories,218.66,10,196.79,1,196.79,Mobile Wallet,2025-11-30,7,1,0,1
T0021200,C031533,26-35,Female,New York,Returning,P2985,Footwear,71.38,20,57.1,1,57.1,Credit Card,2025-11-30,14,1,0,0
T0034266,C002919,46-55,Female,Seattle,Loyal,P3316,Electronics,1912.31,20,1529.85,2,3059.7,Cash,2025-11-30,0,1,0,1
T0005131,C007165,18-25,Other,Atlanta,Returning,P6414,Clothing,107.76,20,86.21,1,86.21,Credit Card,2025-11-30,0,1,0,0
T0023483,C002456,56+,Male,Atlanta,Returning,P6542,Clothing,90.09,20,72.07,1,72.07,Mobile Wallet,2025-11-25,22,0,0,0
T0060302,C009222,18-25,Male,Miami,Returning,P3267,Groceries,122.95,30,86.06,1,86.06,Gift Card,2025-11-26,19,0,0,0
T0054246,C026964,36-45,Female,Seattle,Loyal,P5906,Books,26.24,30,18.37,1,18.37,Credit Card,2025-11-24,8,0,0,0
T0057809,C025006,36-45,Other,Phoenix,Loyal,P9321,Accessories,345.09,10,310.58,1,310.58,Debit Card,2025-11-25,20,0,0,1
T0053398,C007070,26-35,Male,Chicago,New,P6661,Groceries,17.24,40,10.34,1,10.34,Debit Card,2025-11-24,15,0,0,0
T0092943,C027823,18-25,Other,Dallas,Loyal,P6382,Accessories,345.19,40,207.11,1,207.11,Cash,2025-11-24,9,0,0,1
T0068277,C009404,26-35,Male,Los Angeles,New,P7468,Clothing,169.68,40,101.81,1,101.81,PayPal,2025-12-01,22,0,0,0
T0001995,C007695,18-25,Other,Phoenix,New,P6199,Clothing,99.76,10,89.78,3,269.34,Cash,2025-11-26,14,0,0,1
T0061541,C005526,56+,Male,New York,VIP,P3639,Home & Kitchen,828.61,25,621.46,1,621.46,Mobile Wallet,2025-11-26,0,0,0,1
T0056688,C027646,26-35,Female,Phoenix,Returning,P7846,Beauty,48.28,5,45.87,1,45.87,Credit Card,2025-11-26,23,0,0,0
T0066569,C018672,46-55,Female,San Francisco,New,P9387,Electronics,1701.24,20,1360.99,2,2721.98,Mobile Wallet,2025-11-30,9,1,0,1
T0024222,C022095,36-45,Male,Chicago,New,P3009,Sports,305.9,35,198.83,1,198.83,Gift Card,2025-11-29,23,1,0,1
T0075092,C022015,46-55,Male,Dallas,Returning,P7259,Clothing,265.98,35,172.89,1,172.89,Gift Card,2025-11-26,18,0,0,1
T0052882,C034648,36-45,Other,Dallas,Loyal,P6095,Toys,209.27,25,156.95,4,627.8,Credit Card,2025-11-27,18,0,0,1
T0031859,C006912,18-25,Female,Seattle,New,P6584,Sports,595.97,40,357.58,1,357.58,Debit Card,2025-11-28,11,0,1,1
T0083744,C030282,36-45,Other,Miami,New,P2803,Clothing,111.68,5,106.1,2,212.2,Credit Card,2025-11-30,13,1,0,1
T0008387,C010216,18-25,Other,New York,Loyal,P6027,Beauty,150.05,35,97.53,1,97.53,PayPal,2025-11-28,22,0,1,0
T0074912,C007575,46-55,Other,San Francisco,Returning,P4436,Footwear,328.6,25,246.45,1,246.45,Gift Card,2025-11-28,6,0,1,1
T0007178,C001287,18-25,Female,Miami,Loyal,P9309,Toys,237.89,25,178.42,1,178.42,Debit Card,2025-11-26,9,0,0,1
T0006743,C023819,36-45,Male,Los Angeles,Loyal,P7532,Electronics,1539.33,35,1000.56,2,2001.12,Mobile Wallet,2025-11-28,15,0,1,1
T0080791,C005083,18-25,Female,Atlanta,New,P8877,Accessories,256.65,40,153.99,1,153.99,Debit Card,2025-11-28,23,0,1,0
T0083340,C032606,46-55,Female,Phoenix,Returning,P1159,Accessories,247.38,20,197.9,1,197.9,Debit Card,2025-11-29,21,1,0,1
T0077869,C025764,18-25,Other,Los Angeles,New,P4524,Beauty,218.24,20,174.59,1,174.59,Debit Card,2025-11-28,22,0,1,1
T0089899,C002603,18-25,Male,Houston,Returning,P8562,Sports,528.89,20,423.11,3,1269.33,Credit Card,2025-11-24,13,0,0,1
T0077901,C025730,18-25,Other,San Francisco,VIP,P1100,Toys,117.2,30,82.04,1,82.04,Gift Card,2025-11-29,17,1,0,0
T0032325,C017131,36-45,Female,Chicago,Loyal,P6591,Groceries,64.43,20,51.54,2,103.08,PayPal,2025-11-24,5,0,0,0
T0017586,C031076,18-25,Female,Los Angeles,Loyal,P4260,Books,100.36,40,60.22,1,60.22,Gift Card,2025-12-01,7,0,0,0
T0079100,C002397,36-45,Female,Chicago,Returning,P8930,Books,13.89,20,11.11,1,11.11,Debit Card,2025-11-30,21,1,0,0
T0081359,C034986,56+,Male,Phoenix,New,P2855,Groceries,69.16,40,41.5,3,124.5,Mobile Wallet,2025-11-27,22,0,0,0
T0026095,C029374,36-45,Male,San Francisco,Returning,P8337,Electronics,2048.07,20,1638.46,1,1638.46,Gift Card,2025-12-01,19,0,0,1
T0016105,C029013,18-25,Male,Seattle,VIP,P2942,Accessories,75.8,10,68.22,1,68.22,Credit Card,2025-11-25,3,0,0,0
T0039711,C017362,18-25,Other,San Francisco,New,P5089,Groceries,18.86,25,14.14,2,28.28,PayPal,2025-12-01,0,0,0,0
T0073115,C009043,46-55,Male,Miami,New,P2285,Toys,214.56,20,171.65,1,171.65,PayPal,2025-11-29,13,1,0,1
T0057875,C008682,18-25,Male,Chicago,VIP,P2117,Clothing,108.85,25,81.64,1,81.64,PayPal,2025-12-01,10,0,0,0
T0073964,C015195,46-55,Male,Dallas,New,P9435,Sports,158.15,50,79.08,2,158.16,Credit Card,2025-11-29,20,1,0,0
T0007883,C001946,36-45,Other,San Francisco,New,P4715,Toys,80.21,40,48.13,2,96.26,Cash,2025-11-27,10,0,0,0
T0094585,C022528,56+,Female,Miami,Returning,P7019,Groceries,129.38,40,77.63,5,388.15,Cash,2025-11-30,2,1,0,1
T0094122,C034476,26-35,Female,San Francisco,Returning,P1321,Accessories,447.61,40,268.57,2,537.14,PayPal,2025-11-26,14,0,0,1
T0056794,C016319,56+,Other,Los Angeles,Returning,P3050,Beauty,84.24,25,63.18,2,126.36,PayPal,2025-11-30,12,1,0,0
T0066879,C007972,46-55,Other,Phoenix,Loyal,P7192,Groceries,149.09,40,89.45,1,89.45,PayPal,2025-11-26,1,0,0,0
T0072374,C019069,36-45,Female,New York,New,P2211,Books,110.78,20,88.62,1,88.62,PayPal,2025-11-29,9,1,0,0
T0044634,C023167,26-35,Female,San Francisco,Returning,P6766,Electronics,1498.18,15,1273.45,1,1273.45,Credit Card,2025-11-30,11,1,0,1
T0065909,C029612,46-55,Female,Dallas,Loyal,P8856,Home & Kitchen,518.89,20,415.11,2,830.22,Gift Card,2025-11-30,15,1,0,1
T0092216,C025927,46-55,Female,Seattle,Loyal,P3573,Beauty,236.95,20,189.56,1,189.56,Gift Card,2025-11-26,6,0,0,1
T0012307,C016773,18-25,Female,Houston,Loyal,P6806,Electronics,929.17,25,696.88,1,696.88,Mobile Wallet,2025-11-30,8,1,0,1
T0012858,C025081,26-35,Female,San Francisco,New,P1101,Books,11.79,40,7.07,1,7.07,Debit Card,2025-11-29,16,1,0,0
T0094948,C022128,26-35,Other,Miami,New,P9490,Clothing,263.04,35,170.98,1,170.98,Credit Card,2025-11-27,8,0,0,1
T0056913,C019541,56+,Other,Houston,VIP,P3399,Home & Kitchen,402.28,25,301.71,2,603.42,Cash,2025-11-29,8,1,0,1
T0096484,C013164,36-45,Female,Los Angeles,New,P2671,Books,30.83,10,27.75,1,27.75,Credit Card,2025-11-26,20,0,0,0
T0037289,C006195,46-55,Other,Los Angeles,VIP,P8101,Footwear,119.57,40,71.74,5,358.7,Gift Card,2025-11-28,7,0,1,1
T0026534,C011301,46-55,Male,Dallas,Loyal,P9186,Beauty,225.51,10,202.96,1,202.96,Credit Card,2025-11-24,3,0,0,1
T0038242,C009678,36-45,Female,Atlanta,Loyal,P9485,Accessories,347.84,40,208.7,3,626.1,Cash,2025-11-24,20,0,0,1
T0070735,C016888,46-55,Other,Miami,Loyal,P3666,Groceries,102.32,10,92.09,1,92.09,Cash,2025-11-26,14,0,0,0
T0029236,C015979,56+,Other,Miami,Returning,P2469,Accessories,264.46,40,158.68,1,158.68,PayPal,2025-11-28,13,0,1,0
T0071076,C022748,46-55,Male,Dallas,New,P3460,Sports,81.55,15,69.32,1,69.32,Gift Card,2025-11-29,2,1,0,0
T0047667,C031693,56+,Female,San Francisco,Returning,P8386,Electronics,1780.76,40,1068.46,2,2136.92,Mobile Wallet,2025-11-24,4,0,0,1
T0058296,C028493,56+,Male,Houston,Loyal,P7159,Sports,101.66,35,66.08,2,132.16,Gift Card,2025-11-25,16,0,0,0
T0029302,C015426,56+,Female,New York,New,P8151,Electronics,599.69,30,419.78,1,419.78,Mobile Wallet,2025-11-30,6,1,0,1
T0000216,C010900,46-55,Male,Miami,New,P1028,Electronics,1736.65,30,1215.66,1,1215.66,Credit Card,2025-12-01,18,0,0,1
T0008992,C007024,26-35,Other,Phoenix,Returning,P9464,Clothing,34.81,5,33.07,1,33.07,Gift Card,2025-11-29,0,1,0,0
T0048524,C017072,46-55,Other,Chicago,Returning,P7756,Books,19.22,35,12.49,1,12.49,Cash,2025-11-27,9,0,0,0
T0041503,C028780,46-55,Male,San Francisco,Returning,P4964,Groceries,82.48,50,41.24,1,41.24,Credit Card,2025-11-24,5,0,0,0
T0096181,C016585,26-35,Female,Dallas,Returning,P6785,Sports,406.2,30,284.34,2,568.68,Cash,2025-11-25,11,0,0,1
T0010004,C025271,56+,Female,Houston,Loyal,P2859,Accessories,304.5,25,228.38,1,228.38,PayPal,2025-12-01,3,0,0,1
T0009949,C011336,46-55,Female,Seattle,VIP,P1944,Electronics,207.58,30,145.31,2,290.62,Mobile Wallet,2025-11-30,12,1,0,1
T0084826,C018082,36-45,Female,Dallas,Returning,P1925,Electronics,1000.06,10,900.05,2,1800.1,Mobile Wallet,2025-11-30,4,1,0,1
T0083318,C018266,56+,Female,Seattle,Returning,P6591,Toys,287.22,5,272.86,3,818.58,PayPal,2025-11-26,20,0,0,1
T0092627,C022880,56+,Female,Los Angeles,New,P1327,Toys,148.37,20,118.7,1,118.7,PayPal,2025-11-25,21,0,0,0
T0034793,C010578,56+,Other,Phoenix,New,P8308,Clothing,177.53,30,124.27,1,124.27,Debit Card,2025-11-30,6,1,0,0
T0008783,C029310,46-55,Male,San Francisco,Returning,P6589,Toys,184.99,35,120.24,1,120.24,Mobile Wallet,2025-11-24,23,0,0,0
T0051196,C028422,36-45,Male,San Francisco,Returning,P3703,Home & Kitchen,282.98,20,226.38,1,226.38,Mobile Wallet,2025-11-27,9,0,0,1
T0055552,C015077,18-25,Other,San Francisco,New,P4479,Toys,26.64,30,18.65,1,18.65,Debit Card,2025-11-28,6,0,1,0
T0099937,C009537,26-35,Female,Dallas,Loyal,P2090,Books,77.13,25,57.85,1,57.85,Gift Card,2025-11-29,17,1,0,0
T0096110,C014901,26-35,Female,Los Angeles,Loyal,P5327,Groceries,196.91,10,177.22,1,177.22,Debit Card,2025-11-30,22,1,0,1
T0071112,C029865,26-35,Other,Los Angeles,Loyal,P3337,Home & Kitchen,644.71,25,483.53,1,483.53,Gift Card,2025-11-26,23,0,0,1
T0095263,C023690,26-35,Other,Dallas,New,P6101,Clothing,137.2,20,109.76,1,109.76,Gift Card,2025-11-26,3,0,0,0
T0012233,C022358,46-55,Other,New York,New,P4938,Sports,457.15,10,411.44,3,1234.32,Credit Card,2025-11-25,5,0,0,1
T0019219,C001904,26-35,Female,Los Angeles,VIP,P8580,Groceries,51.71,30,36.2,2,72.4,Credit Card,2025-11-25,15,0,0,0
T0090334,C021796,36-45,Male,Phoenix,VIP,P5535,Books,21.92,15,18.63,1,18.63,Gift Card,2025-11-28,22,0,1,0
T0073285,C012064,56+,Other,Chicago,New,P6873,Groceries,144.72,25,108.54,1,108.54,Credit Card,2025-11-24,10,0,0,0
T0049181,C020524,18-25,Other,Phoenix,New,P6033,Sports,115.36,25,86.52,1,86.52,PayPal,2025-11-29,8,1,0,0
T0026859,C011654,46-55,Male,Miami,Loyal,P1129,Toys,282.24,50,141.12,1,141.12,Cash,2025-11-29,13,1,0,0
T0042543,C020792,26-35,Male,Atlanta,New,P8913,Books,39.92,50,19.96,1,19.96,Credit Card,2025-11-29,14,1,0,0
T0044437,C012331,18-25,Female,Los Angeles,Loyal,P1375,Sports,453.39,15,385.38,1,385.38,Mobile Wallet,2025-11-28,4,0,1,1
T0004976,C001491,46-55,Other,Seattle,New,P4936,Toys,257.76,30,180.43,1,180.43,Cash,2025-12-01,7,0,0,1
T0092718,C031435,46-55,Male,Chicago,Returning,P6378,Clothing,102.59,20,82.07,1,82.07,Credit Card,2025-11-28,5,0,1,0
T0082392,C004312,26-35,Other,San Francisco,Returning,P9598,Books,31.59,50,15.8,3,47.4,Debit Card,2025-11-27,2,0,0,0
T0003698,C032221,36-45,Male,Dallas,Loyal,P3553,Sports,488.81,20,391.05,1,391.05,Gift Card,2025-11-28,11,0,1,1
T0049931,C031202,26-35,Male,New York,Returning,P6407,Groceries,30.52,25,22.89,1,22.89,PayPal,2025-11-24,3,0,0,0
T0041325,C025931,26-35,Male,Miami,VIP,P8966,Accessories,286.99,25,215.24,1,215.24,Gift Card,2025-11-25,10,0,0,1
T0008823,C014159,36-45,Female,Seattle,New,P3274,Beauty,117.73,20,94.18,1,94.18,Gift Card,2025-11-24,8,0,0,0
T0023429,C012518,18-25,Other,Miami,Loyal,P1059,Footwear,51.13,35,33.23,2,66.46,PayPal,2025-11-27,7,0,0,0
T0031895,C021344,26-35,Other,Phoenix,Loyal,P9181,Footwear,166.9,40,100.14,1,100.14,Gift Card,2025-11-26,8,0,0,0
T0005484,C030211,36-45,Other,San Francisco,Returning,P1531,Electronics,733.32,35,476.66,1,476.66,Gift Card,2025-11-27,9,0,0,1
T0090560,C026355,26-35,Female,New York,New,P8929,Footwear,304.51,25,228.38,2,456.76,Credit Card,2025-11-24,8,0,0,1
T0019119,C020318,26-35,Male,New York,Returning,P1627,Accessories,41.55,35,27.01,2,54.02,Debit Card,2025-11-24,14,0,0,0
T0000574,C006679,46-55,Other,Houston,Returning,P6711,Groceries,44.6,25,33.45,1,33.45,PayPal,2025-11-25,2,0,0,0
T0082237,C029320,46-55,Other,Atlanta,Returning,P5339,Books,88.95,30,62.26,1,62.26,Gift Card,2025-11-27,3,0,0,0
T0022292,C029553,56+,Female,Phoenix,Loyal,P1934,Sports,260.5,35,169.32,1,169.32,Credit Card,2025-11-25,5,0,0,1
T0023130,C027180,26-35,Male,Chicago,New,P1069,Clothing,58.51,30,40.96,2,81.92,Mobile Wallet,2025-11-28,11,0,1,0
T0079972,C008477,26-35,Other,Houston,Loyal,P2294,Books,97.72,5,92.83,1,92.83,Gift Card,2025-11-25,2,0,0,0
T0001455,C021974,46-55,Other,Dallas,New,P4392,Home & Kitchen,231.83,10,208.65,1,208.65,Cash,2025-11-27,2,0,0,1
T0031111,C026824,26-35,Other,Houston,New,P9194,Accessories,185.95,15,158.06,1,158.06,Debit Card,2025-11-29,10,1,0,0
T0034527,C009355,56+,Other,San Francisco,Loyal,P1253,Sports,212.77,5,202.13,2,404.26,Gift Card,2025-11-27,6,0,0,1
T0095920,C023184,18-25,Male,Seattle,New,P2259,Footwear,336.33,30,235.43,1,235.43,Gift Card,2025-11-25,10,0,0,1
T0098800,C024394,18-25,Female,New York,Loyal,P6470,Beauty,175.78,20,140.62,2,281.24,Gift Card,2025-11-27,1,0,0,1
T0084208,C010818,56+,Female,New York,VIP,P6500,Books,86.97,20,69.58,4,278.32,Debit Card,2025-11-28,17,0,1,1
T0019289,C033654,46-55,Female,Chicago,Loyal,P4145,Groceries,61.69,25,46.27,1,46.27,Credit Card,2025-11-28,15,0,1,0
T0021555,C031564,56+,Female,New York,Returning,P7013,Clothing,74.09,25,55.57,1,55.57,Gift Card,2025-11-28,18,0,1,0
T0007300,C016078,56+,Other,Los Angeles,Returning,P2152,Home & Kitchen,1118.99,20,895.19,1,895.19,Gift Card,2025-11-29,12,1,0,1
T0076549,C022798,36-45,Female,New York,Loyal,P4816,Clothing,214.1,25,160.57,1,160.57,Credit Card,2025-11-26,23,0,0,0
T0055660,C005657,56+,Female,Chicago,New,P8300,Beauty,134.85,30,94.4,1,94.4,Debit Card,2025-11-28,4,0,1,0
T0070848,C015413,56+,Male,Miami,New,P3514,Accessories,364.34,20,291.47,2,582.94,Gift Card,2025-11-29,20,1,0,1
T0019508,C031825,26-35,Male,Los Angeles,Returning,P3907,Accessories,434.62,20,347.7,1,347.7,Mobile Wallet,2025-11-29,17,1,0,1
T0007012,C018631,36-45,Other,Seattle,Loyal,P1294,Clothing,244.34,10,219.91,2,439.82,Cash,2025-11-24,19,0,0,1
T0025128,C019399,18-25,Male,Chicago,VIP,P4969,Books,119.97,25,89.98,1,89.98,PayPal,2025-11-25,20,0,0,0
T0031919,C005124,36-45,Other,Chicago,VIP,P9748,Books,93.77,30,65.64,2,131.28,Credit Card,2025-11-28,19,0,1,0
T0091240,C002805,26-35,Male,San Francisco,VIP,P6888,Accessories,137.32,35,89.26,2,178.52,Debit Card,2025-12-01,19,0,0,1
T0083431,C015255,56+,Male,San Francisco,New,P4988,Clothing,49.71,35,32.31,2,64.62,Mobile Wallet,2025-11-25,12,0,0,0
T0091076,C026067,56+,Other,Dallas,Returning,P5873,Books,41.62,50,20.81,1,20.81,Debit Card,2025-11-30,18,1,0,0
T0078876,C007819,56+,Female,San Francisco,Returning,P3130,Home & Kitchen,31.09,25,23.32,1,23.32,Mobile Wallet,2025-11-30,9,1,0,0
T0000637,C015946,26-35,Male,Atlanta,Loyal,P5604,Clothing,167.28,15,142.19,1,142.19,Debit Card,2025-11-25,17,0,0,0
T0003183,C011149,46-55,Female,Dallas,New,P3315,Toys,120.16,25,90.12,1,90.12,Debit Card,2025-11-27,15,0,0,0
T0002338,C020754,46-55,Other,New York,Returning,P3971,Home & Kitchen,177.84,10,160.06,1,160.06,Debit Card,2025-11-28,20,0,1,0
T0076492,C001787,56+,Other,Los Angeles,New,P6477,Toys,16.93,20,13.54,1,13.54,Mobile Wallet,2025-11-25,20,0,0,0
T0017220,C029692,56+,Female,San Francisco,New,P9378,Electronics,1871.91,50,935.96,3,2807.88,Debit Card,2025-12-01,4,0,0,1
T0001998,C014474,36-45,Female,Chicago,Loyal,P8390,Sports,530.85,30,371.6,1,371.6,Gift Card,2025-12-01,8,0,0,1
T0099250,C011838,46-55,Female,Chicago,Loyal,P6786,Footwear,152.46,40,91.48,4,365.92,PayPal,2025-12-01,12,0,0,1
T0098538,C033236,26-35,Female,Chicago,New,P3735,Toys,11.68,40,7.01,1,7.01,Cash,2025-11-30,11,1,0,0
T0001300,C030732,36-45,Female,Dallas,VIP,P2201,Electronics,659.13,20,527.3,2,1054.6,Debit Card,2025-11-30,6,1,0,1
T0055189,C000081,18-25,Female,Seattle,Loyal,P1326,Electronics,2430.33,20,1944.26,1,1944.26,Debit Card,2025-11-25,3,0,0,1
T0052564,C010014,26-35,Other,Atlanta,Loyal,P7986,Accessories,36.43,5,34.61,3,103.83,Credit Card,2025-11-28,2,0,1,0
T0085767,C014451,36-45,Male,Chicago,Loyal,P4790,Books,85.37,20,68.3,1,68.3,PayPal,2025-11-26,17,0,0,0
T0097416,C000391,56+,Male,New York,New,P8623,Accessories,364.72,25,273.54,1,273.54,Gift Card,2025-11-30,9,1,0,1
T0076944,C026771,18-25,Other,Phoenix,New,P7273,Groceries,151.56,20,121.25,1,121.25,Debit Card,2025-11-28,6,0,1,0
T0064325,C030830,36-45,Female,New York,Returning,P1136,Clothing,276.46,25,207.34,2,414.68,Credit Card,2025-11-28,4,0,1,1
T0014570,C012805,56+,Male,Seattle,Returning,P6330,Groceries,61.09,40,36.65,1,36.65,Mobile Wallet,2025-11-27,11,0,0,0
T0069847,C024452,36-45,Male,Los Angeles,Loyal,P9208,Home & Kitchen,694.84,5,660.1,1,660.1,PayPal,2025-11-27,4,0,0,1
T0000388,C000111,36-45,Male,San Francisco,New,P2576,Accessories,310.78,35,202.01,1,202.01,Debit Card,2025-11-24,2,0,0,1
T0062137,C033885,18-25,Other,Seattle,VIP,P3804,Footwear,130.61,35,84.9,1,84.9,Credit Card,2025-11-30,8,1,0,0
T0028364,C002799,36-45,Female,New York,Loyal,P7639,Groceries,188.09,35,122.26,1,122.26,Credit Card,2025-11-30,8,1,0,0
T0049160,C013439,56+,Other,Chicago,VIP,P8451,Toys,79.63,25,59.72,1,59.72,Mobile Wallet,2025-11-30,20,1,0,0
T0091202,C030276,46-55,Female,Phoenix,Returning,P9351,Electronics,2049.06,25,1536.8,1,1536.8,Mobile Wallet,2025-11-27,22,0,0,1
T0086025,C021963,18-25,Other,Dallas,New,P3544,Clothing,203.63,50,101.82,1,101.82,Credit Card,2025-11-30,0,1,0,0
T0063823,C012579,36-45,Other,Seattle,Loyal,P8179,Groceries,8.8,10,7.92,2,15.84,PayPal,2025-11-27,6,0,0,0
T0029389,C022868,18-25,Female,San Francisco,Returning,P4606,Clothing,77.94,30,54.56,1,54.56,Debit Card,2025-11-29,15,1,0,0
T0015436,C015808,56+,Female,Phoenix,New,P8255,Home & Kitchen,696.65,25,522.49,3,1567.47,Gift Card,2025-12-01,1,0,0,1
T0003948,C005736,46-55,Male,Houston,Returning,P3767,Clothing,155.54,30,108.88,1,108.88,Cash,2025-11-27,14,0,0,0
T0050228,C017913,18-25,Other,Miami,Loyal,P3287,Clothing,69.19,10,62.27,1,62.27,Cash,2025-11-28,10,0,1,0
T0001086,C029379,18-25,Female,Seattle,New,P4785,Home & Kitchen,346.69,15,294.69,1,294.69,Debit Card,2025-11-28,20,0,1,1
T0008864,C017908,46-55,Other,Atlanta,New,P6329,Clothing,48.53,40,29.12,1,29.12,Debit Card,2025-11-25,9,0,0,0
T0029978,C030526,56+,Female,Houston,Returning,P1159,Sports,101.22,40,60.73,1,60.73,Credit Card,2025-11-30,1,1,0,0
T0075239,C006774,26-35,Female,Houston,Loyal,P5148,Sports,454.43,25,340.82,1,340.82,PayPal,2025-11-30,14,1,0,1
T0080038,C000542,18-25,Female,Houston,New,P2909,Toys,249.23,40,149.54,1,149.54,Credit Card,2025-11-24,8,0,0,0
T0004706,C010158,26-35,Other,Houston,Returning,P7987,Accessories,187.01,5,177.66,1,177.66,Cash,2025-11-30,15,1,0,1
T0056220,C013488,18-25,Other,New York,Returning,P4743,Toys,166.83,20,133.46,2,266.92,Debit Card,2025-11-27,21,0,0,1
T0083195,C011498,18-25,Male,New York,VIP,P8653,Electronics,623.5,20,498.8,2,997.6,Gift Card,2025-11-30,17,1,0,1
T0032910,C001754,26-35,Female,Dallas,Returning,P2680,Accessories,51.02,15,43.37,1,43.37,Mobile Wallet,2025-11-24,2,0,0,0
T0083029,C016596,46-55,Female,Dallas,New,P2009,Home & Kitchen,945.07,10,850.56,1,850.56,Mobile Wallet,2025-11-30,3,1,0,1
T0055114,C019748,46-55,Female,Phoenix,Returning,P4508,Sports,586.4,40,351.84,1,351.84,Gift Card,2025-12-01,3,0,0,1
T0033954,C033016,46-55,Female,Chicago,Loyal,P9023,Accessories,403.46,20,322.77,1,322.77,Gift Card,2025-11-30,22,1,0,1
T0047823,C017183,46-55,Female,Houston,Loyal,P7981,Books,13.0,20,10.4,3,31.2,PayPal,2025-12-01,23,0,0,0
T0024664,C004539,46-55,Other,Miami,Returning,P8167,Toys,182.68,40,109.61,1,109.61,PayPal,2025-12-01,22,0,0,0
T0048032,C008507,46-55,Female,Seattle,Returning,P6498,Beauty,127.16,15,108.09,1,108.09,PayPal,2025-11-27,21,0,0,0
T0057135,C034248,26-35,Other,Chicago,Loyal,P8999,Footwear,156.86,60,62.74,1,62.74,Debit Card,2025-11-26,21,0,0,0
T0029022,C004843,36-45,Other,Dallas,Returning,P8511,Sports,100.52,20,80.42,2,160.84,Credit Card,2025-11-24,9,0,0,0
T0039396,C027877,18-25,Male,New York,Returning,P7078,Electronics,1791.53,50,895.76,2,1791.52,Mobile Wallet,2025-11-28,23,0,1,1
T0011549,C002917,46-55,Male,San Francisco,Loyal,P6641,Home & Kitchen,950.36,20,760.29,3,2280.87,Cash,2025-11-26,4,0,0,1
T0029493,C032100,36-45,Male,Dallas,New,P6578,Electronics,1005.23,50,502.62,1,502.62,Debit Card,2025-11-24,0,0,0,1
T0083382,C008303,18-25,Male,Los Angeles,Returning,P4711,Beauty,17.77,25,13.33,1,13.33,Mobile Wallet,2025-11-24,3,0,0,0
T0055456,C017202,18-25,Other,Phoenix,VIP,P9201,Home & Kitchen,1131.19,15,961.51,2,1923.02,Mobile Wallet,2025-11-28,21,0,1,1
T0085707,C003382,46-55,Male,Dallas,Returning,P7443,Toys,77.92,20,62.34,3,187.02,PayPal,2025-11-30,16,1,0,1
T0084549,C006416,56+,Female,San Francisco,Loyal,P5926,Groceries,75.48,15,64.16,2,128.32,PayPal,2025-11-25,19,0,0,0
T0047054,C012602,26-35,Female,New York,Loyal,P4907,Toys,270.63,35,175.91,1,175.91,Debit Card,2025-11-30,13,1,0,1
T0073580,C028375,18-25,Female,San Francisco,New,P2160,Footwear,91.97,25,68.98,1,68.98,Credit Card,2025-12-01,18,0,0,0
T0092748,C023583,36-45,Male,Chicago,Returning,P5535,Sports,406.52,35,264.24,1,264.24,Gift Card,2025-11-24,4,0,0,1
T0023962,C022201,18-25,Other,New York,Returning,P9190,Books,31.58,40,18.95,2,37.9,Credit Card,2025-11-25,5,0,0,0
T0012964,C001808,26-35,Other,Houston,Returning,P1583,Toys,153.37,30,107.36,1,107.36,Gift Card,2025-11-27,17,0,0,0
T0005975,C013026,18-25,Other,Seattle,New,P9571,Groceries,72.23,35,46.95,1,46.95,Gift Card,2025-11-27,17,0,0,0
T0045649,C033807,26-35,Other,Chicago,New,P9292,Electronics,1911.77,25,1433.83,2,2867.66,Gift Card,2025-11-28,12,0,1,1
T0035310,C010632,26-35,Male,Los Angeles,Loyal,P4280,Books,106.3,35,69.1,1,69.1,Debit Card,2025-11-29,0,1,0,0
T0098745,C030824,56+,Other,Phoenix,Loyal,P9201,Sports,437.45,40,262.47,5,1312.35,Cash,2025-11-30,9,1,0,1
T0006950,C017066,56+,Other,New York,New,P6669,Toys,98.56,40,59.14,2,118.28,Gift Card,2025-11-25,21,0,0,0
T0077987,C001817,46-55,Female,Houston,Returning,P4155,Beauty,61.61,25,46.21,1,46.21,Debit Card,2025-11-26,5,0,0,0
T0002905,C000418,36-45,Male,Seattle,Returning,P6655,Groceries,107.33,35,69.76,1,69.76,PayPal,2025-11-29,11,1,0,0
T0075919,C027096,46-55,Other,Phoenix,Returning,P7472,Beauty,201.19,40,120.71,1,120.71,Credit Card,2025-11-30,15,1,0,0
T0045526,C033405,56+,Male,San Francisco,New,P8026,Electronics,734.73,30,514.31,1,514.31,PayPal,2025-11-26,18,0,0,1
T0075544,C029070,36-45,Other,Chicago,New,P2636,Books,15.78,60,6.31,1,6.31,PayPal,2025-11-26,16,0,0,0
T0021918,C030629,36-45,Other,San Francisco,New,P4982,Groceries,65.68,5,62.4,1,62.4,Cash,2025-11-29,17,1,0,0
T0062768,C033186,18-25,Female,Phoenix,Returning,P1900,Toys,125.03,20,100.02,1,100.02,PayPal,2025-11-26,20,0,0,0
T0038882,C004191,26-35,Female,Dallas,VIP,P2061,Clothing,250.92,15,213.28,5,1066.4,PayPal,2025-11-27,16,0,0,1
T0087942,C034269,56+,Other,Miami,Returning,P5297,Footwear,317.79,25,238.34,1,238.34,Cash,2025-11-27,11,0,0,1
T0015459,C001400,56+,Other,New York,New,P6913,Toys,96.65,25,72.49,2,144.98,Mobile Wallet,2025-12-01,17,0,0,0
T0000033,C006339,36-45,Male,Chicago,Loyal,P3993,Sports,484.97,40,290.98,2,581.96,PayPal,2025-11-29,8,1,0,1
T0065380,C006778,26-35,Female,Phoenix,Loyal,P9148,Accessories,269.94,15,229.45,1,229.45,Mobile Wallet,2025-11-30,19,1,0,1
T0039321,C022036,26-35,Other,New York,New,P3465,Home & Kitchen,1118.34,20,894.67,1,894.67,PayPal,2025-11-29,10,1,0,1
T0073686,C014451,18-25,Female,Los Angeles,New,P7508,Footwear,306.74,10,276.07,1,276.07,Credit Card,2025-11-25,23,0,0,1
T0029966,C001275,36-45,Other,Atlanta,Loyal,P7899,Home & Kitchen,141.15,35,91.75,1,91.75,Gift Card,2025-11-25,3,0,0,0
T0005963,C003438,26-35,Other,Phoenix,Returning,P7992,Home & Kitchen,1070.8,30,749.56,2,1499.12,Cash,2025-11-25,5,0,0,1
T0005008,C033328,56+,Female,Atlanta,Returning,P2718,Beauty,234.3,20,187.44,1,187.44,Gift Card,2025-12-01,18,0,0,1
T0033236,C028469,56+,Other,Dallas,New,P3596,Beauty,54.58,35,35.48,1,35.48,Gift Card,2025-11-30,21,1,0,0
T0058331,C013242,46-55,Other,Dallas,Loyal,P3151,Groceries,85.56,20,68.45,1,68.45,Credit Card,2025-11-30,23,1,0,0
T0046498,C000941,18-25,Female,Phoenix,New,P2599,Toys,156.59,5,148.76,1,148.76,Debit Card,2025-11-25,20,0,0,0
T0081771,C013519,36-45,Male,San Francisco,New,P2204,Electronics,646.23,5,613.92,1,613.92,Gift Card,2025-11-28,23,0,1,1
T0050268,C009571,46-55,Female,Los Angeles,VIP,P5963,Toys,87.09,35,56.61,1,56.61,Mobile Wallet,2025-11-25,12,0,0,0
T0036101,C007721,26-35,Female,Miami,New,P2323,Beauty,28.23,25,21.17,1,21.17,Mobile Wallet,2025-11-28,10,0,1,0
T0028457,C006281,36-45,Male,San Francisco,VIP,P7967,Toys,151.03,35,98.17,2,196.34,Cash,2025-11-26,13,0,0,1
T0053951,C002773,26-35,Male,San Francisco,VIP,P6242,Toys,43.36,5,41.19,2,82.38,Credit Card,2025-12-01,4,0,0,0
T0073467,C019341,18-25,Other,Miami,Loyal,P1833,Clothing,245.19,40,147.11,2,294.22,Cash,2025-11-24,1,0,0,1
T0081428,C005840,46-55,Male,Phoenix,Loyal,P1961,Books,18.66,20,14.93,1,14.93,Cash,2025-11-24,21,0,0,0
T0083272,C003650,36-45,Male,Atlanta,VIP,P3472,Books,87.78,30,61.45,1,61.45,PayPal,2025-12-01,2,0,0,0
T0053116,C020269,46-55,Female,Phoenix,New,P9544,Home & Kitchen,850.39,15,722.83,1,722.83,Gift Card,2025-11-28,9,0,1,1
T0052743,C007841,26-35,Other,Dallas,New,P9036,Beauty,58.26,40,34.96,1,34.96,Cash,2025-11-25,13,0,0,0
T0025861,C017901,36-45,Other,Atlanta,Loyal,P9535,Electronics,2370.31,25,1777.73,1,1777.73,Mobile Wallet,2025-11-25,6,0,0,1
T0029263,C034095,26-35,Female,Miami,Loyal,P9768,Beauty,42.68,25,32.01,1,32.01,Credit Card,2025-11-27,6,0,0,0
T0023094,C023353,46-55,Female,New York,Returning,P3702,Home & Kitchen,1198.09,35,778.76,3,2336.28,Mobile Wallet,2025-11-29,20,1,0,1
T0091842,C002555,36-45,Male,San Francisco,Loyal,P6200,Footwear,49.96,15,42.47,1,42.47,Cash,2025-11-30,4,1,0,0
T0012791,C015909,46-55,Female,Chicago,Loyal,P9115,Footwear,249.45,20,199.56,3,598.68,Credit Card,2025-11-26,7,0,0,1
T0048834,C000657,56+,Other,Los Angeles,Loyal,P2843,Sports,196.76,25,147.57,1,147.57,Gift Card,2025-12-01,2,0,0,0
T0047880,C007003,26-35,Male,Dallas,New,P2182,Electronics,1558.93,10,1403.04,1,1403.04,Cash,2025-11-30,19,1,0,1
T0022906,C018635,36-45,Female,San Francisco,VIP,P7616,Footwear,131.77,35,85.65,3,256.95,PayPal,2025-11-29,2,1,0,1
T0017509,C011063,46-55,Male,Dallas,Loyal,P5989,Accessories,219.82,35,142.88,3,428.64,PayPal,2025-11-24,22,0,0,1
T0052508,C016755,36-45,Female,Atlanta,Returning,P7986,Toys,272.56,25,204.42,1,204.42,Gift Card,2025-11-24,20,0,0,1
T0069794,C027010,56+,Other,Los Angeles,New,P3686,Books,105.03,25,78.77,1,78.77,PayPal,2025-11-26,13,0,0,0
T0070806,C019401,46-55,Other,Houston,Returning,P6671,Accessories,375.08,30,262.56,1,262.56,Gift Card,2025-11-27,7,0,0,1
T0025467,C014881,56+,Female,San Francisco,New,P8486,Accessories,413.4,15,351.39,2,702.78,Gift Card,2025-11-27,1,0,0,1
T0017015,C010262,56+,Male,Atlanta,Returning,P5451,Books,37.58,25,28.18,1,28.18,Cash,2025-11-25,9,0,0,0
T0017071,C013020,36-45,Male,Houston,Returning,P8019,Sports,287.12,30,200.98,1,200.98,Gift Card,2025-11-29,2,1,0,1
T0015339,C028714,26-35,Other,Miami,New,P4663,Beauty,162.14,30,113.5,2,227.0,Credit Card,2025-11-30,20,1,0,1
T0027657,C034225,46-55,Male,Miami,VIP,P6943,Toys,245.2,50,122.6,1,122.6,Mobile Wallet,2025-11-29,11,1,0,0
T0083509,C026057,36-45,Female,Chicago,Returning,P8739,Electronics,445.01,25,333.76,1,333.76,Gift Card,2025-12-01,6,0,0,1
T0032228,C029907,36-45,Female,Chicago,New,P8683,Electronics,169.11,30,118.38,1,118.38,PayPal,2025-11-24,10,0,0,0
T0034705,C023866,26-35,Other,Phoenix,VIP,P3582,Accessories,243.65,40,146.19,1,146.19,Gift Card,2025-11-26,9,0,0,0
T0045443,C034909,56+,Female,Chicago,New,P7211,Sports,449.23,10,404.31,1,404.31,Cash,2025-11-29,21,1,0,1
T0047999,C013624,36-45,Female,Seattle,Loyal,P1527,Home & Kitchen,494.3,15,420.16,3,1260.48,Gift Card,2025-12-01,4,0,0,1
T0017051,C015464,46-55,Female,Phoenix,Loyal,P5940,Home & Kitchen,1139.36,20,911.49,1,911.49,Debit Card,2025-11-29,6,1,0,1
T0018348,C023539,36-45,Male,Seattle,Returning,P3443,Sports,56.86,25,42.64,1,42.64,PayPal,2025-11-27,7,0,0,0
T0065394,C032808,46-55,Male,Dallas,Returning,P7853,Clothing,118.0,30,82.6,4,330.4,Cash,2025-11-25,10,0,0,1
T0022883,C034425,36-45,Male,Chicago,Loyal,P2777,Footwear,63.46,50,31.73,1,31.73,PayPal,2025-11-27,18,0,0,0
T0004795,C030675,26-35,Male,New York,Loyal,P2328,Toys,90.3,15,76.76,1,76.76,Debit Card,2025-11-26,18,0,0,0
T0064500,C015159,18-25,Other,Dallas,Loyal,P5481,Beauty,198.17,20,158.54,2,317.08,Mobile Wallet,2025-12-01,10,0,0,1
T0078230,C000599,46-55,Female,Chicago,Loyal,P3057,Home & Kitchen,1004.09,20,803.27,1,803.27,Gift Card,2025-11-27,2,0,0,1
T0082659,C009177,56+,Female,Houston,Returning,P3691,Books,60.78,15,51.66,1,51.66,Gift Card,2025-11-30,23,1,0,0
T0092028,C025239,56+,Female,Miami,Returning,P7850,Books,109.52,20,87.62,1,87.62,PayPal,2025-11-30,5,1,0,0
T0078062,C033821,56+,Other,Atlanta,Returning,P8848,Books,37.49,40,22.49,1,22.49,PayPal,2025-11-28,23,0,1,0
T0095947,C021533,18-25,Female,New York,Returning,P1727,Sports,568.61,20,454.89,2,909.78,PayPal,2025-11-30,5,1,0,1
T0001574,C029092,18-25,Female,San Francisco,New,P8647,Books,84.24,5,80.03,4,320.12,Debit Card,2025-11-26,20,0,0,1
T0044534,C016257,56+,Female,Chicago,Loyal,P9812,Toys,278.63,30,195.04,2,390.08,Gift Card,2025-11-29,0,1,0,1
T0075771,C005400,36-45,Male,Atlanta,Returning,P2829,Clothing,48.86,50,24.43,1,24.43,Credit Card,2025-11-25,19,0,0,0
T0092133,C009239,46-55,Male,Dallas,Returning,P3364,Accessories,139.68,5,132.7,1,132.7,PayPal,2025-11-28,8,0,1,0
T0065438,C018305,46-55,Other,Miami,Returning,P3673,Clothing,267.89,20,214.31,1,214.31,Debit Card,2025-12-01,5,0,0,1
T0033817,C000092,26-35,Other,Dallas,Returning,P2815,Accessories,240.9,40,144.54,1,144.54,PayPal,2025-11-30,5,1,0,0
T0085102,C013502,18-25,Male,Seattle,Returning,P4296,Clothing,297.1,40,178.26,1,178.26,Gift Card,2025-11-26,12,0,0,1
T0091681,C012057,56+,Male,Seattle,New,P2625,Home & Kitchen,843.54,35,548.3,1,548.3,Mobile Wallet,2025-11-30,3,1,0,1
T0083995,C020338,26-35,Female,San Francisco,VIP,P2123,Footwear,179.74,30,125.82,1,125.82,Debit Card,2025-11-28,0,0,1,0
T0071817,C001960,26-35,Female,Seattle,Returning,P5442,Toys,107.59,25,80.69,1,80.69,Debit Card,2025-11-28,21,0,1,0
T0099508,C014882,26-35,Female,Los Angeles,Loyal,P6003,Clothing,157.26,35,102.22,1,102.22,Debit Card,2025-12-01,1,0,0,0
T0058006,C012085,46-55,Male,San Francisco,New,P6676,Toys,186.05,30,130.24,1,130.24,Credit Card,2025-11-29,12,1,0,0
T0083162,C010645,36-45,Male,San Francisco,Loyal,P4080,Toys,115.9,15,98.52,1,98.52,Credit Card,2025-11-24,3,0,0,0
T0087323,C027844,26-35,Male,Seattle,VIP,P9801,Sports,258.14,20,206.51,3,619.53,Gift Card,2025-11-26,18,0,0,1
T0026706,C016091,36-45,Male,Dallas,Returning,P2865,Home & Kitchen,1079.23,5,1025.27,1,1025.27,Credit Card,2025-11-25,4,0,0,1
T0097914,C026378,56+,Male,Los Angeles,Returning,P8859,Accessories,63.65,20,50.92,2,101.84,Mobile Wallet,2025-11-26,16,0,0,0
T0021268,C011559,46-55,Male,Miami,Loyal,P5811,Groceries,150.75,30,105.52,2,211.04,Cash,2025-11-30,4,1,0,1
T0068719,C017271,56+,Male,Phoenix,Loyal,P9491,Beauty,101.38,25,76.04,1,76.04,Cash,2025-11-26,16,0,0,0
T0027317,C024300,18-25,Female,Dallas,Returning,P8815,Footwear,255.09,30,178.56,2,357.12,Credit Card,2025-11-28,17,0,1,1
T0044659,C022379,18-25,Female,Miami,New,P4805,Clothing,281.21,20,224.97,1,224.97,Gift Card,2025-11-24,4,0,0,1
T0050295,C007129,26-35,Other,Atlanta,Returning,P8563,Clothing,75.71,20,60.57,1,60.57,PayPal,2025-11-24,11,0,0,0
T0069048,C031903,36-45,Male,San Francisco,Loyal,P4851,Toys,258.35,30,180.84,1,180.84,Cash,2025-12-01,7,0,0,1
T0015359,C004127,36-45,Female,Phoenix,New,P9085,Beauty,190.52,15,161.94,1,161.94,Credit Card,2025-11-26,12,0,0,1
T0052221,C019032,18-25,Male,San Francisco,New,P6534,Books,89.47,25,67.1,2,134.2,Credit Card,2025-11-24,3,0,0,0
T0021623,C000487,36-45,Other,New York,New,P7843,Home & Kitchen,796.56,5,756.73,1,756.73,Cash,2025-12-01,18,0,0,1
T0034681,C031617,56+,Female,Chicago,Loyal,P7387,Toys,206.54,30,144.58,2,289.16,Credit Card,2025-11-26,17,0,0,1
T0020057,C012291,36-45,Female,New York,New,P9263,Accessories,260.41,40,156.25,1,156.25,Debit Card,2025-11-25,17,0,0,0
T0046968,C019762,36-45,Female,San Francisco,Loyal,P4894,Accessories,372.44,10,335.2,1,335.2,Debit Card,2025-11-26,15,0,0,1
T0008042,C005628,46-55,Other,Dallas,New,P2249,Footwear,126.18,40,75.71,1,75.71,Cash,2025-11-26,5,0,0,0
T0032461,C030735,56+,Female,Chicago,Returning,P1150,Sports,119.69,40,71.81,1,71.81,Credit Card,2025-11-24,19,0,0,0
T0040094,C027560,46-55,Female,New York,Loyal,P8202,Footwear,240.08,40,144.05,1,144.05,Credit Card,2025-11-26,15,0,0,0
T0029105,C023845,36-45,Female,Los Angeles,New,P7962,Beauty,139.1,15,118.23,2,236.46,Mobile Wallet,2025-11-24,21,0,0,1
T0023559,C008018,36-45,Female,Atlanta,New,P3891,Electronics,600.46,5,570.44,1,570.44,Gift Card,2025-11-26,6,0,0,1
T0055908,C017991,26-35,Female,Atlanta,Returning,P6885,Beauty,28.72,15,24.41,1,24.41,Credit Card,2025-11-28,13,0,1,0
T0068255,C034925,46-55,Female,New York,New,P9431,Electronics,1908.52,50,954.26,3,2862.78,Mobile Wallet,2025-11-28,21,0,1,1
T0025236,C001363,26-35,Male,Chicago,New,P6310,Clothing,257.98,20,206.38,1,206.38,Mobile Wallet,2025-12-01,11,0,0,1
T0032624,C003519,26-35,Other,Atlanta,Returning,P7541,Electronics,1223.07,15,1039.61,2,2079.22,Credit Card,2025-12-01,12,0,0,1
T0094671,C012946,46-55,Other,Miami,Returning,P9382,Clothing,200.81,10,180.73,3,542.19,Gift Card,2025-12-01,9,0,0,1
T0002991,C006679,46-55,Other,Phoenix,Returning,P4303,Books,87.88,5,83.49,4,333.96,Credit Card,2025-12-01,9,0,0,1
T0081355,C024049,46-55,Male,Los Angeles,Loyal,P5405,Accessories,354.72,5,336.98,1,336.98,Gift Card,2025-11-25,2,0,0,1
T0037980,C016192,18-25,Female,Seattle,Loyal,P3122,Sports,234.16,35,152.2,1,152.2,Gift Card,2025-11-29,21,1,0,0
T0057757,C028669,26-35,Female,Houston,Loyal,P8617,Books,7.36,40,4.42,2,8.84,Cash,2025-11-26,23,0,0,0
T0069180,C014188,18-25,Female,Atlanta,Returning,P7691,Groceries,160.22,40,96.13,2,192.26,Credit Card,2025-11-30,19,1,0,1
T0027717,C021530,36-45,Male,Houston,Returning,P3091,Clothing,137.13,25,102.85,2,205.7,Mobile Wallet,2025-12-01,6,0,0,1
T0010756,C008045,46-55,Male,Los Angeles,Returning,P8299,Beauty,13.15,10,11.84,1,11.84,PayPal,2025-11-25,14,0,0,0
T0049018,C010859,46-55,Female,Miami,Returning,P6714,Toys,163.77,35,106.45,1,106.45,Cash,2025-11-26,3,0,0,0
T0014753,C004341,46-55,Female,Chicago,Loyal,P1405,Beauty,181.05,50,90.52,1,90.52,Credit Card,2025-11-26,3,0,0,0
T0045871,C007132,46-55,Other,New York,Loyal,P5531,Home & Kitchen,540.65,20,432.52,1,432.52,PayPal,2025-12-01,16,0,0,1
T0047885,C003087,56+,Other,Los Angeles,Returning,P8987,Books,102.42,10,92.18,2,184.36,Mobile Wallet,2025-11-28,20,0,1,1
T0078234,C033328,36-45,Male,Dallas,Loyal,P9177,Sports,527.68,35,342.99,1,342.99,Debit Card,2025-11-30,12,1,0,1
T0028203,C017607,26-35,Male,Atlanta,Returning,P3934,Clothing,117.26,25,87.94,1,87.94,Mobile Wallet,2025-11-27,21,0,0,0
T0025504,C024932,56+,Other,New York,Loyal,P7642,Footwear,226.3,15,192.36,1,192.36,Credit Card,2025-11-27,4,0,0,1
T0009649,C022868,26-35,Female,Seattle,VIP,P6210,Footwear,325.85,20,260.68,2,521.36,PayPal,2025-11-28,8,0,1,1
T0032573,C019854,26-35,Other,Chicago,New,P5227,Home & Kitchen,942.82,35,612.83,1,612.83,PayPal,2025-11-28,14,0,1,1
T0036975,C022777,46-55,Male,Atlanta,New,P5465,Footwear,125.54,40,75.32,1,75.32,PayPal,2025-11-26,11,0,0,0
T0000897,C005924,46-55,Female,Miami,Returning,P8140,Books,73.24,40,43.94,1,43.94,Mobile Wallet,2025-11-27,20,0,0,0
T0072693,C014643,46-55,Male,Atlanta,Loyal,P6111,Toys,291.83,40,175.1,1,175.1,Mobile Wallet,2025-11-26,20,0,0,1
T0061884,C003862,26-35,Other,New York,New,P5379,Beauty,187.5,25,140.62,1,140.62,Debit Card,2025-11-26,15,0,0,0
T0005709,C006441,46-55,Female,Dallas,Returning,P6858,Toys,225.52,10,202.97,2,405.94,PayPal,2025-11-25,0,0,0,1
T0049630,C001366,26-35,Other,Phoenix,New,P8450,Footwear,204.89,40,122.93,2,245.86,Cash,2025-11-28,8,0,1,1
T0077298,C017406,18-25,Other,Houston,New,P3219,Beauty,190.14,30,133.1,2,266.2,PayPal,2025-11-28,4,0,1,1
T0020717,C022719,26-35,Female,New York,Returning,P4692,Toys,230.71,50,115.36,2,230.72,Credit Card,2025-11-26,7,0,0,1
T0083725,C001645,56+,Male,New York,New,P4415,Books,108.47,50,54.24,1,54.24,Debit Card,2025-11-25,5,0,0,0
T0084302,C029819,46-55,Female,Houston,Loyal,P3711,Beauty,189.47,15,161.05,1,161.05,PayPal,2025-11-26,19,0,0,0
T0066475,C010329,18-25,Other,Houston,Loyal,P7668,Groceries,27.26,20,21.81,2,43.62,Gift Card,2025-11-28,11,0,1,0
T0075168,C009767,46-55,Male,San Francisco,Returning,P1466,Books,17.72,10,15.95,1,15.95,Mobile Wallet,2025-11-25,13,0,0,0
T0037358,C002743,26-35,Male,Chicago,Loyal,P6433,Toys,170.67,10,153.6,1,153.6,Cash,2025-11-27,0,0,0,0
T0063005,C024085,56+,Male,Miami,New,P5597,Footwear,92.7,15,78.8,2,157.6,PayPal,2025-11-30,14,1,0,0
T0016813,C012613,46-55,Other,Miami,Returning,P9753,Footwear,146.82,50,73.41,1,73.41,Cash,2025-11-25,5,0,0,0
T0026364,C016388,18-25,Female,New York,Returning,P6937,Toys,13.04,25,9.78,3,29.34,Gift Card,2025-12-01,21,0,0,0
T0084311,C015618,36-45,Female,Seattle,New,P6199,Footwear,245.93,30,172.15,1,172.15,Debit Card,2025-11-24,12,0,0,1
T0092825,C034546,46-55,Female,Phoenix,Returning,P1348,Beauty,69.87,60,27.95,1,27.95,Mobile Wallet,2025-11-29,5,1,0,0
T0057248,C023138,36-45,Male,Los Angeles,Loyal,P6039,Home & Kitchen,1039.45,50,519.72,1,519.72,PayPal,2025-11-29,2,1,0,1
T0085844,C023648,26-35,Male,Phoenix,New,P4976,Toys,70.46,40,42.28,1,42.28,PayPal,2025-11-27,17,0,0,0
T0061586,C017270,46-55,Female,Dallas,Loyal,P8011,Clothing,139.84,20,111.87,1,111.87,Gift Card,2025-11-25,8,0,0,0
T0088048,C027531,18-25,Female,Seattle,New,P4548,Groceries,39.59,40,23.75,1,23.75,Mobile Wallet,2025-11-29,6,1,0,0
T0093792,C012622,56+,Other,Seattle,VIP,P9168,Groceries,111.22,40,66.73,1,66.73,Cash,2025-11-27,0,0,0,0
T0092391,C004696,36-45,Female,New York,Returning,P7830,Home & Kitchen,173.99,40,104.39,2,208.78,PayPal,2025-11-26,1,0,0,1
T0060469,C008742,36-45,Female,Seattle,Returning,P8078,Sports,301.21,20,240.97,1,240.97,Mobile Wallet,2025-11-29,12,1,0,1
T0032522,C016993,56+,Female,New York,Returning,P8424,Beauty,199.88,40,119.93,1,119.93,Cash,2025-11-30,17,1,0,0
T0057961,C005131,56+,Other,Dallas,Returning,P1386,Books,82.09,20,65.67,1,65.67,Credit Card,2025-11-30,22,1,0,0
T0097905,C028053,56+,Male,Atlanta,Loyal,P8184,Clothing,68.53,60,27.41,1,27.41,Mobile Wallet,2025-11-24,13,0,0,0
T0058067,C024523,46-55,Male,Phoenix,New,P5618,Electronics,1403.07,30,982.15,1,982.15,Debit Card,2025-11-29,7,1,0,1
T0007464,C019267,18-25,Other,Phoenix,Returning,P9180,Toys,174.59,20,139.67,1,139.67,Cash,2025-11-27,20,0,0,0
T0065624,C027872,26-35,Female,Houston,New,P4881,Groceries,65.76,35,42.74,3,128.22,Credit Card,2025-11-25,15,0,0,0
T0079199,C000671,26-35,Female,Houston,VIP,P7849,Accessories,480.35,40,288.21,1,288.21,PayPal,2025-11-24,3,0,0,1
T0049331,C007551,18-25,Male,Dallas,Returning,P7127,Footwear,176.94,15,150.4,4,601.6,Mobile Wallet,2025-11-24,18,0,0,1
T0088725,C012455,36-45,Female,Dallas,New,P8944,Sports,294.91,50,147.46,1,147.46,Credit Card,2025-11-26,3,0,0,0
T0026259,C013514,56+,Other,Miami,Returning,P9205,Sports,416.58,15,354.09,1,354.09,Mobile Wallet,2025-11-27,2,0,0,1
T0015879,C015575,26-35,Male,Seattle,New,P7765,Groceries,47.57,25,35.68,2,71.36,Debit Card,2025-11-26,4,0,0,0
T0045430,C002608,36-45,Other,New York,VIP,P9756,Toys,259.05,20,207.24,1,207.24,Debit Card,2025-11-25,4,0,0,1
T0037533,C033368,56+,Male,Los Angeles,Loyal,P2974,Footwear,261.26,30,182.88,2,365.76,Cash,2025-11-24,4,0,0,1
T0049065,C033522,46-55,Other,Houston,Returning,P2863,Beauty,138.96,30,97.27,2,194.54,Credit Card,2025-11-26,12,0,0,1
T0041504,C000696,18-25,Male,Atlanta,Returning,P1873,Sports,433.93,35,282.05,3,846.15,Gift Card,2025-12-01,19,0,0,1
T0039178,C013018,56+,Female,Seattle,VIP,P6616,Beauty,189.8,50,94.9,1,94.9,Gift Card,2025-11-26,14,0,0,0
T0085935,C023067,46-55,Female,Chicago,Returning,P2380,Groceries,24.16,35,15.7,1,15.7,Debit Card,2025-11-30,22,1,0,0
T0092253,C013393,56+,Male,Los Angeles,New,P9237,Footwear,179.78,35,116.86,1,116.86,Credit Card,2025-12-01,10,0,0,0
T0007920,C024786,26-35,Male,Phoenix,Loyal,P9905,Books,40.16,15,34.14,1,34.14,Gift Card,2025-11-25,13,0,0,0
T0085869,C031793,36-45,Male,Miami,New,P7040,Books,119.56,25,89.67,1,89.67,Credit Card,2025-11-26,15,0,0,0
T0069199,C016333,56+,Male,Houston,Returning,P9590,Sports,538.07,50,269.04,2,538.08,Cash,2025-12-01,8,0,0,1
T0088166,C025606,18-25,Other,Phoenix,VIP,P9616,Sports,284.61,40,170.77,1,170.77,Credit Card,2025-11-25,8,0,0,1
T0017161,C020985,26-35,Other,Chicago,New,P7392,Clothing,169.52,15,144.09,1,144.09,Credit Card,2025-11-30,0,1,0,0
T0029652,C034017,26-35,Other,Los Angeles,Returning,P6872,Sports,470.03,20,376.02,1,376.02,Debit Card,2025-11-28,3,0,1,1
T0000232,C010145,36-45,Female,Miami,Returning,P4890,Electronics,545.05,30,381.54,1,381.54,Gift Card,2025-12-01,20,0,0,1
T0093282,C013654,46-55,Male,Los Angeles,Loyal,P5726,Sports,54.43,25,40.82,3,122.46,PayPal,2025-11-25,5,0,0,0
T0083399,C034882,18-25,Female,Los Angeles,Returning,P6797,Electronics,1696.27,15,1441.83,1,1441.83,Cash,2025-11-26,16,0,0,1
T0036194,C033083,26-35,Female,Phoenix,New,P6447,Electronics,1817.56,25,1363.17,1,1363.17,Credit Card,2025-11-24,20,0,0,1
T0045323,C023806,36-45,Other,Houston,VIP,P1112,Books,29.92,60,11.97,1,11.97,Credit Card,2025-11-27,6,0,0,0
T0093409,C027743,46-55,Other,Phoenix,Loyal,P9276,Sports,142.02,30,99.41,2,198.82,Cash,2025-11-27,1,0,0,1
T0037641,C024924,36-45,Male,Phoenix,New,P8584,Books,23.85,40,14.31,1,14.31,Credit Card,2025-12-01,11,0,0,0
T0062083,C030074,36-45,Other,Seattle,New,P5843,Books,81.89,30,57.32,1,57.32,Debit Card,2025-12-01,17,0,0,0
T0015155,C018394,26-35,Other,San Francisco,Returning,P3107,Beauty,203.62,35,132.35,1,132.35,Cash,2025-11-27,16,0,0,0
T0053561,C020686,46-55,Male,Houston,Loyal,P9908,Accessories,331.63,60,132.65,2,265.3,Credit Card,2025-11-26,7,0,0,1
T0059139,C021770,26-35,Female,Houston,New,P6427,Home & Kitchen,447.02,25,335.26,1,335.26,PayPal,2025-11-28,7,0,1,1
T0008503,C003866,18-25,Male,San Francisco,Loyal,P9896,Books,71.45,15,60.73,1,60.73,PayPal,2025-11-30,3,1,0,0
T0009175,C008378,26-35,Female,Chicago,Returning,P1122,Beauty,52.51,40,31.51,1,31.51,PayPal,2025-11-25,2,0,0,0
T0081254,C019599,46-55,Male,San Francisco,Returning,P6842,Books,42.57,25,31.93,2,63.86,PayPal,2025-11-30,9,1,0,0
T0012728,C012673,18-25,Male,Los Angeles,Loyal,P9397,Clothing,286.15,20,228.92,1,228.92,Debit Card,2025-11-25,22,0,0,1
T0032806,C030338,36-45,Other,Houston,Loyal,P7367,Sports,294.85,5,280.11,1,280.11,PayPal,2025-11-24,8,0,0,1
T0033211,C030172,36-45,Female,Houston,VIP,P4801,Footwear,116.33,35,75.61,3,226.83,Mobile Wallet,2025-11-27,19,0,0,1
T0057612,C027654,56+,Other,Houston,New,P8649,Footwear,39.63,25,29.72,1,29.72,Mobile Wallet,2025-11-27,9,0,0,0
T0042739,C011598,56+,Other,Seattle,Loyal,P8447,Footwear,38.16,20,30.53,1,30.53,Credit Card,2025-11-25,13,0,0,0
T0075403,C029124,18-25,Female,Miami,Loyal,P5937,Accessories,125.89,10,113.3,1,113.3,Gift Card,2025-11-30,4,1,0,0
T0079831,C000469,18-25,Female,San Francisco,Returning,P8676,Clothing,63.05,30,44.14,1,44.14,Debit Card,2025-11-28,2,0,1,0
T0061798,C013589,36-45,Other,Los Angeles,Loyal,P6805,Accessories,113.41,10,102.07,1,102.07,PayPal,2025-11-29,1,1,0,0
T0095124,C033058,36-45,Other,San Francisco,Returning,P4989,Groceries,82.64,5,78.51,1,78.51,Debit Card,2025-12-01,23,0,0,0
T0024217,C025464,18-25,Female,Los Angeles,Loyal,P3592,Electronics,1016.7,40,610.02,2,1220.04,Gift Card,2025-11-29,16,1,0,1
T0053468,C034842,36-45,Male,Phoenix,Loyal,P2204,Accessories,338.01,20,270.41,2,540.82,Credit Card,2025-11-24,22,0,0,1
T0003061,C003840,26-35,Female,Los Angeles,Loyal,P2073,Accessories,181.82,10,163.64,3,490.92,PayPal,2025-11-27,22,0,0,1
T0000350,C002538,36-45,Male,New York,Returning,P3510,Clothing,173.8,10,156.42,1,156.42,Mobile Wallet,2025-11-25,3,0,0,0
T0058681,C023845,56+,Female,Atlanta,Returning,P2153,Beauty,55.92,10,50.33,1,50.33,Debit Card,2025-11-25,7,0,0,0
T0037035,C014287,56+,Male,Chicago,New,P4565,Groceries,125.84,50,62.92,1,62.92,Debit Card,2025-11-30,19,1,0,0
T0014024,C026332,26-35,Female,Chicago,Loyal,P1320,Clothing,26.2,50,13.1,2,26.2,Mobile Wallet,2025-11-25,13,0,0,0
T0024284,C024778,46-55,Other,Atlanta,Loyal,P5549,Groceries,28.68,25,21.51,2,43.02,Debit Card,2025-11-26,17,0,0,0
T0017654,C032766,36-45,Other,Phoenix,Loyal,P4700,Accessories,51.2,50,25.6,1,25.6,Gift Card,2025-12-01,10,0,0,0
T0020145,C003998,46-55,Other,Atlanta,Returning,P7765,Electronics,348.29,15,296.05,2,592.1,PayPal,2025-11-25,7,0,0,1
T0092913,C002268,56+,Other,Chicago,Returning,P2569,Books,89.71,40,53.83,1,53.83,Cash,2025-11-30,5,1,0,0
T0057490,C032183,36-45,Other,Seattle,VIP,P1333,Electronics,216.79,15,184.27,2,368.54,Mobile Wallet,2025-11-27,13,0,0,1
T0085169,C010900,18-25,Other,Seattle,Returning,P5146,Beauty,133.98,35,87.09,4,348.36,Gift Card,2025-11-28,10,0,1,1
T0018570,C010317,18-25,Male,Dallas,VIP,P7679,Electronics,2073.51,35,1347.78,1,1347.78,PayPal,2025-11-30,10,1,0,1
T0023397,C000462,26-35,Male,San Francisco,New,P5349,Accessories,119.16,50,59.58,2,119.16,Gift Card,2025-11-27,13,0,0,0
T0017006,C032518,26-35,Male,Los Angeles,Returning,P9025,Electronics,420.21,35,273.14,1,273.14,Cash,2025-11-27,12,0,0,1
T0092651,C009618,26-35,Female,Chicago,Returning,P5717,Beauty,13.78,35,8.96,1,8.96,Mobile Wallet,2025-11-27,1,0,0,0
T0015860,C004817,56+,Other,Atlanta,Loyal,P6632,Clothing,270.89,5,257.35,3,772.05,Gift Card,2025-11-26,16,0,0,1
T0015075,C030494,36-45,Female,Los Angeles,New,P5866,Toys,83.11,40,49.87,1,49.87,PayPal,2025-11-28,11,0,1,0
T0020010,C002421,46-55,Other,San Francisco,Returning,P6452,Toys,183.86,20,147.09,2,294.18,Gift Card,2025-12-01,16,0,0,1
T0014454,C011374,36-45,Female,Atlanta,Returning,P7257,Toys,228.76,25,171.57,2,343.14,Debit Card,2025-11-30,18,1,0,1
T0046328,C003862,56+,Female,Chicago,Loyal,P8403,Accessories,294.17,40,176.5,1,176.5,Cash,2025-11-26,10,0,0,1
T0015878,C022118,18-25,Female,San Francisco,Loyal,P7516,Footwear,79.23,40,47.54,4,190.16,PayPal,2025-11-25,11,0,0,1
T0090590,C003529,26-35,Other,Chicago,New,P9410,Sports,92.14,5,87.53,1,87.53,Credit Card,2025-11-29,23,1,0,0
T0040851,C026627,56+,Other,Chicago,Loyal,P3746,Home & Kitchen,61.58,35,40.03,2,80.06,Debit Card,2025-11-27,23,0,0,0
T0022239,C033933,26-35,Female,New York,VIP,P1580,Footwear,349.86,15,297.38,1,297.38,Mobile Wallet,2025-12-01,3,0,0,1
T0025471,C007804,36-45,Male,Los Angeles,New,P4890,Electronics,2087.75,30,1461.42,1,1461.42,Gift Card,2025-11-26,0,0,0,1
T0060989,C026408,26-35,Female,Seattle,Returning,P5228,Books,115.62,10,104.06,5,520.3,PayPal,2025-11-30,23,1,0,1
T0064657,C026317,36-45,Female,Houston,Returning,P9879,Beauty,85.28,50,42.64,1,42.64,Credit Card,2025-11-25,22,0,0,0
T0044728,C017996,36-45,Female,Los Angeles,Loyal,P7020,Clothing,200.89,10,180.8,2,361.6,Credit Card,2025-11-25,8,0,0,1
T0091771,C024698,18-25,Male,Atlanta,VIP,P5936,Footwear,132.75,30,92.92,2,185.84,Gift Card,2025-11-28,0,0,1,1
T0037667,C011459,18-25,Other,Phoenix,VIP,P2404,Sports,476.44,20,381.15,1,381.15,Credit Card,2025-11-27,9,0,0,1
T0049261,C031796,26-35,Female,Phoenix,New,P9553,Clothing,82.99,30,58.09,2,116.18,Credit Card,2025-11-25,3,0,0,0
T0096678,C032104,36-45,Other,Atlanta,Loyal,P8728,Home & Kitchen,136.52,15,116.04,2,232.08,PayPal,2025-11-24,6,0,0,1
T0038401,C004123,18-25,Other,Dallas,Returning,P6849,Electronics,1479.85,20,1183.88,1,1183.88,Cash,2025-11-27,13,0,0,1
T0046634,C012465,36-45,Male,Seattle,Returning,P5421,Electronics,1225.34,50,612.67,1,612.67,Mobile Wallet,2025-11-30,16,1,0,1
T0073117,C005376,18-25,Female,Seattle,Loyal,P8096,Toys,261.04,30,182.73,1,182.73,Cash,2025-11-26,0,0,0,1
T0092529,C034671,18-25,Female,Los Angeles,New,P5197,Footwear,33.08,10,29.77,3,89.31,Gift Card,2025-11-29,17,1,0,0
T0071834,C023389,56+,Other,Phoenix,New,P6531,Toys,166.49,30,116.54,1,116.54,Gift Card,2025-11-29,16,1,0,0
T0048915,C033306,18-25,Male,Houston,New,P6292,Sports,307.22,30,215.05,2,430.1,Credit Card,2025-11-26,3,0,0,1
T0017535,C007301,18-25,Female,Houston,Returning,P6387,Accessories,363.64,35,236.37,1,236.37,Gift Card,2025-12-01,15,0,0,1
T0094150,C008445,26-35,Female,Chicago,Returning,P1964,Accessories,78.54,15,66.76,1,66.76,Mobile Wallet,2025-12-01,4,0,0,0
T0089381,C012281,46-55,Female,Los Angeles,New,P6800,Accessories,244.09,35,158.66,1,158.66,Credit Card,2025-11-29,23,1,0,0
T0093999,C032928,36-45,Other,San Francisco,Returning,P7093,Books,92.22,25,69.16,1,69.16,Cash,2025-11-24,17,0,0,0
T0003026,C018022,56+,Female,San Francisco,New,P1425,Footwear,276.44,20,221.15,2,442.3,Debit Card,2025-12-01,18,0,0,1
T0001734,C030571,36-45,Male,San Francisco,Returning,P3934,Beauty,89.91,5,85.41,1,85.41,Debit Card,2025-11-28,5,0,1,0
T0073804,C007246,26-35,Other,Chicago,Returning,P9373,Clothing,270.55,40,162.33,1,162.33,Mobile Wallet,2025-11-29,19,1,0,1
T0052090,C012825,18-25,Female,Seattle,Loyal,P4837,Home & Kitchen,892.04,30,624.43,1,624.43,Credit Card,2025-11-30,14,1,0,1
T0048666,C029674,56+,Male,Seattle,Loyal,P8554,Accessories,257.0,30,179.9,2,359.8,Cash,2025-11-28,14,0,1,1
T0085255,C032426,18-25,Male,San Francisco,New,P6538,Footwear,211.34,35,137.37,1,137.37,Credit Card,2025-11-27,7,0,0,0
T0011617,C033015,46-55,Female,Chicago,New,P8594,Electronics,2155.37,25,1616.53,1,1616.53,Credit Card,2025-11-30,21,1,0,1
T0014125,C006423,46-55,Male,Los Angeles,Returning,P1766,Clothing,131.06,30,91.74,1,91.74,Gift Card,2025-11-30,9,1,0,0
T0072015,C030012,18-25,Male,Seattle,New,P1834,Toys,12.34,30,8.64,2,17.28,Mobile Wallet,2025-11-29,9,1,0,0
T0082681,C011391,36-45,Male,Miami,New,P2351,Toys,59.07,5,56.12,4,224.48,Credit Card,2025-12-01,6,0,0,1
T0084888,C003757,26-35,Male,Chicago,Loyal,P8940,Toys,15.54,35,10.1,1,10.1,Debit Card,2025-11-25,9,0,0,0
T0043959,C004603,56+,Other,Chicago,Returning,P2264,Groceries,28.65,10,25.78,1,25.78,Gift Card,2025-11-29,20,1,0,0
T0039381,C026527,36-45,Female,Phoenix,New,P1072,Beauty,209.51,30,146.66,3,439.98,Debit Card,2025-11-27,12,0,0,1
T0036798,C029751,46-55,Female,Chicago,Loyal,P1680,Sports,598.86,40,359.32,1,359.32,PayPal,2025-11-30,22,1,0,1
T0046368,C011211,46-55,Other,Miami,New,P1214,Toys,76.37,30,53.46,1,53.46,PayPal,2025-11-29,1,1,0,0
T0013525,C004613,36-45,Female,Dallas,Returning,P5914,Accessories,190.83,25,143.12,1,143.12,Mobile Wallet,2025-11-26,23,0,0,0
T0088837,C019611,46-55,Female,Atlanta,New,P2199,Electronics,2177.64,15,1850.99,1,1850.99,Debit Card,2025-11-29,21,1,0,1
T0016379,C012752,36-45,Other,New York,Returning,P3097,Beauty,61.62,30,43.13,2,86.26,Credit Card,2025-12-01,13,0,0,0
T0058992,C011584,26-35,Other,Chicago,New,P2359,Beauty,47.6,10,42.84,2,85.68,Cash,2025-11-30,1,1,0,0
T0092865,C019739,46-55,Male,Seattle,Loyal,P8966,Accessories,480.06,20,384.05,1,384.05,Cash,2025-11-30,12,1,0,1
T0071614,C021683,56+,Other,Phoenix,Loyal,P4935,Electronics,494.5,30,346.15,1,346.15,Debit Card,2025-11-25,0,0,0,1
T0066199,C000932,18-25,Female,Miami,New,P4760,Sports,54.17,20,43.34,3,130.02,Gift Card,2025-11-28,0,0,1,0
T0041754,C021593,36-45,Male,Phoenix,Returning,P9227,Footwear,251.38,5,238.81,3,716.43,Mobile Wallet,2025-11-30,11,1,0,1
T0082041,C020077,18-25,Male,Seattle,Returning,P8502,Electronics,1132.01,10,1018.81,1,1018.81,Credit Card,2025-12-01,3,0,0,1
T0098898,C030205,36-45,Other,San Francisco,New,P9260,Toys,149.87,30,104.91,2,209.82,Cash,2025-11-25,20,0,0,1
T0042781,C003666,56+,Female,Atlanta,Loyal,P1521,Electronics,1065.53,20,852.42,2,1704.84,PayPal,2025-11-30,15,1,0,1
T0063119,C023747,56+,Male,Seattle,Loyal,P9682,Footwear,279.92,15,237.93,1,237.93,Debit Card,2025-11-29,9,1,0,1
T0087175,C023518,56+,Male,San Francisco,Returning,P2670,Clothing,38.83,20,31.06,1,31.06,Credit Card,2025-12-01,17,0,0,0
T0056465,C006696,46-55,Male,Houston,New,P4193,Electronics,562.17,20,449.74,1,449.74,Cash,2025-11-26,4,0,0,1
T0079683,C002635,56+,Male,Los Angeles,Returning,P7931,Sports,134.19,15,114.06,1,114.06,Mobile Wallet,2025-11-30,23,1,0,0
T0085752,C029407,26-35,Male,Los Angeles,New,P5339,Groceries,138.48,25,103.86,1,103.86,Debit Card,2025-11-25,16,0,0,0
T0028282,C003314,26-35,Male,Seattle,Returning,P2451,Groceries,92.28,10,83.05,1,83.05,Mobile Wallet,2025-11-26,11,0,0,0
T0032613,C002448,46-55,Female,Atlanta,Returning,P3469,Clothing,112.44,40,67.46,1,67.46,Mobile Wallet,2025-11-29,9,1,0,0
T0065997,C014660,46-55,Female,Seattle,Loyal,P4350,Home & Kitchen,1195.63,35,777.16,2,1554.32,Debit Card,2025-12-01,11,0,0,1
T0064159,C025263,46-55,Female,Seattle,Returning,P3029,Clothing,55.35,15,47.05,5,235.25,Gift Card,2025-11-27,7,0,0,1
T0064071,C009414,46-55,Other,San Francisco,Loyal,P5102,Electronics,1898.24,50,949.12,1,949.12,Debit Card,2025-12-01,1,0,0,1
T0019271,C016694,36-45,Male,Phoenix,Returning,P6727,Clothing,200.91,30,140.64,2,281.28,Credit Card,2025-11-26,20,0,0,1
T0069237,C014549,46-55,Other,Miami,New,P4011,Electronics,2047.48,40,1228.49,1,1228.49,Gift Card,2025-11-28,9,0,1,1
T0095793,C021990,46-55,Other,Seattle,VIP,P6795,Sports,390.0,10,351.0,1,351.0,Gift Card,2025-11-24,13,0,0,1
T0085298,C028802,46-55,Female,Los Angeles,Loyal,P3408,Clothing,216.71,30,151.7,1,151.7,Mobile Wallet,2025-11-30,18,1,0,0
T0005941,C030423,36-45,Other,Houston,Returning,P5414,Clothing,215.21,10,193.69,2,387.38,Cash,2025-11-28,1,0,1,1
T0042223,C032420,36-45,Male,Dallas,Loyal,P6724,Footwear,41.46,15,35.24,1,35.24,Cash,2025-11-28,11,0,1,0
T0040707,C021784,18-25,Female,Miami,Returning,P7173,Books,106.7,60,42.68,1,42.68,Debit Card,2025-11-29,18,1,0,0
T0090317,C001342,36-45,Female,San Francisco,Returning,P7386,Accessories,138.9,35,90.29,1,90.29,Cash,2025-11-24,3,0,0,0
T0037220,C000047,46-55,Male,Miami,Returning,P1060,Home & Kitchen,63.04,25,47.28,1,47.28,PayPal,2025-11-25,18,0,0,0
T0097826,C023067,56+,Female,Phoenix,Returning,P8131,Toys,21.32,25,15.99,1,15.99,Debit Card,2025-11-27,7,0,0,0
T0043467,C016665,26-35,Other,Miami,Loyal,P7360,Toys,208.33,15,177.08,1,177.08,Debit Card,2025-11-28,22,0,1,1
T0056041,C019733,26-35,Female,Miami,Returning,P9807,Home & Kitchen,729.92,10,656.93,1,656.93,Credit Card,2025-11-30,9,1,0,1
T0090543,C006043,36-45,Female,Houston,Returning,P9028,Beauty,244.34,35,158.82,1,158.82,Cash,2025-11-27,16,0,0,0
T0071744,C015661,56+,Male,San Francisco,Returning,P8768,Sports,28.87,10,25.98,1,25.98,Gift Card,2025-11-30,15,1,0,0
T0096350,C002322,56+,Female,Chicago,Loyal,P1160,Toys,36.96,15,31.42,1,31.42,Credit Card,2025-11-27,7,0,0,0
T0076745,C006374,56+,Female,Chicago,Loyal,P7151,Electronics,1914.39,25,1435.79,1,1435.79,Gift Card,2025-11-25,14,0,0,1
T0040332,C033982,56+,Female,Dallas,Returning,P3174,Beauty,136.48,25,102.36,1,102.36,Debit Card,2025-11-29,0,1,0,0
T0020217,C016806,46-55,Other,Chicago,Returning,P5844,Home & Kitchen,1167.69,35,759.0,1,759.0,PayPal,2025-11-26,6,0,0,1
T0031131,C026545,46-55,Female,Los Angeles,VIP,P5776,Toys,199.14,50,99.57,1,99.57,Gift Card,2025-11-25,6,0,0,0
T0090670,C002982,26-35,Female,New York,New,P9322,Beauty,209.85,35,136.4,1,136.4,Gift Card,2025-11-24,21,0,0,0
T0025509,C016591,18-25,Female,Dallas,Returning,P2434,Clothing,161.56,30,113.09,1,113.09,Gift Card,2025-11-29,21,1,0,0
T0008676,C010008,18-25,Other,Chicago,New,P2323,Books,72.54,5,68.91,1,68.91,PayPal,2025-11-26,20,0,0,0
T0035546,C003313,46-55,Other,Houston,Returning,P7465,Beauty,201.46,30,141.02,1,141.02,PayPal,2025-11-26,0,0,0,0
T0085873,C028111,18-25,Female,San Francisco,Returning,P8039,Footwear,280.01,50,140.0,1,140.0,Gift Card,2025-11-26,21,0,0,0
T0091021,C021995,56+,Male,Dallas,Returning,P5239,Books,54.67,15,46.47,1,46.47,Debit Card,2025-11-27,21,0,0,0
T0075750,C006943,46-55,Female,Houston,Returning,P8538,Accessories,191.18,50,95.59,2,191.18,PayPal,2025-11-26,3,0,0,1
T0014870,C032137,46-55,Other,Dallas,Loyal,P8889,Footwear,219.54,35,142.7,1,142.7,Credit Card,2025-11-24,21,0,0,0
T0043889,C011380,26-35,Female,Chicago,VIP,P9821,Accessories,286.95,5,272.6,1,272.6,Credit Card,2025-11-27,13,0,0,1
T0035918,C016049,18-25,Female,Los Angeles,New,P7831,Groceries,89.83,30,62.88,2,125.76,Mobile Wallet,2025-11-27,19,0,0,0
T0086285,C003007,26-35,Male,Los Angeles,VIP,P6143,Beauty,109.52,25,82.14,1,82.14,PayPal,2025-11-27,8,0,0,0
T0014424,C022126,18-25,Other,New York,Returning,P2963,Electronics,2269.63,35,1475.26,2,2950.52,Gift Card,2025-11-28,6,0,1,1
T0071143,C029969,46-55,Male,Los Angeles,Returning,P6753,Groceries,152.25,60,60.9,1,60.9,Gift Card,2025-11-25,7,0,0,0
T0079119,C027041,36-45,Female,Phoenix,Returning,P8579,Footwear,158.94,35,103.31,4,413.24,Debit Card,2025-11-30,1,1,0,1
T0039231,C025485,46-55,Female,Chicago,Loyal,P2281,Home & Kitchen,797.16,15,677.59,2,1355.18,Debit Card,2025-11-27,7,0,0,1
T0059941,C004778,18-25,Other,Dallas,Returning,P5383,Books,67.65,10,60.89,1,60.89,PayPal,2025-11-26,18,0,0,0
T0055308,C006768,56+,Other,Los Angeles,Returning,P6404,Accessories,21.53,30,15.07,2,30.14,Debit Card,2025-11-24,17,0,0,0
T0094233,C015690,56+,Other,Miami,Loyal,P9219,Groceries,173.31,50,86.66,2,173.32,Gift Card,2025-11-29,5,1,0,1
T0011249,C005566,56+,Female,Seattle,New,P8272,Sports,370.63,20,296.5,2,593.0,PayPal,2025-11-25,20,0,0,1
T0057896,C016472,56+,Male,New York,Loyal,P2072,Toys,111.48,25,83.61,1,83.61,PayPal,2025-11-30,14,1,0,0
T0029812,C016337,18-25,Male,Los Angeles,Returning,P3263,Books,24.75,40,14.85,1,14.85,Gift Card,2025-11-30,2,1,0,0
T0012338,C024213,18-25,Other,Houston,Returning,P9082,Books,85.38,40,51.23,1,51.23,Mobile Wallet,2025-11-29,16,1,0,0
T0098313,C023432,18-25,Female,Houston,New,P7434,Electronics,1424.7,10,1282.23,1,1282.23,PayPal,2025-12-01,19,0,0,1
T0025258,C027579,26-35,Male,San Francisco,Returning,P5780,Clothing,79.95,35,51.97,2,103.94,Credit Card,2025-11-29,11,1,0,0
T0006280,C009414,26-35,Female,Chicago,Returning,P4503,Footwear,229.75,5,218.26,1,218.26,Gift Card,2025-12-01,10,0,0,1
T0022885,C000596,18-25,Female,Dallas,Returning,P6442,Beauty,25.55,15,21.72,1,21.72,Debit Card,2025-11-27,3,0,0,0
T0095776,C014706,26-35,Other,San Francisco,Loyal,P3799,Electronics,1806.32,10,1625.69,1,1625.69,Credit Card,2025-11-28,9,0,1,1
T0065379,C025556,46-55,Female,New York,Returning,P1325,Electronics,1723.75,20,1379.0,3,4137.0,PayPal,2025-12-01,19,0,0,1
T0019338,C012813,26-35,Male,New York,Loyal,P2153,Electronics,2125.51,25,1594.13,1,1594.13,Gift Card,2025-11-26,21,0,0,1
T0058196,C001539,26-35,Other,Phoenix,Loyal,P7415,Accessories,495.66,10,446.09,1,446.09,PayPal,2025-11-25,13,0,0,1
T0028049,C027806,56+,Female,Miami,Returning,P1852,Groceries,38.91,35,25.29,1,25.29,Credit Card,2025-11-24,1,0,0,0
T0036035,C011215,36-45,Other,Atlanta,New,P5709,Groceries,156.32,30,109.42,1,109.42,PayPal,2025-11-28,22,0,1,0
T0077248,C034724,18-25,Male,Miami,New,P1140,Home & Kitchen,834.18,30,583.93,2,1167.86,Debit Card,2025-11-30,17,1,0,1
T0090111,C012145,46-55,Male,Phoenix,Returning,P9944,Electronics,1746.71,30,1222.7,1,1222.7,Gift Card,2025-11-28,2,0,1,1
T0074865,C019483,26-35,Male,New York,VIP,P4717,Sports,95.62,15,81.28,2,162.56,Debit Card,2025-12-01,4,0,0,1
T0043480,C021195,46-55,Female,Los Angeles,New,P3938,Accessories,126.55,25,94.91,1,94.91,PayPal,2025-11-28,6,0,1,0
T0024327,C012623,46-55,Other,Atlanta,New,P6829,Groceries,176.53,40,105.92,1,105.92,PayPal,2025-11-25,5,0,0,0
T0003294,C027161,26-35,Male,Dallas,New,P8511,Toys,136.73,5,129.89,1,129.89,Debit Card,2025-12-01,19,0,0,0
T0006828,C001793,56+,Female,Houston,New,P1616,Home & Kitchen,429.99,35,279.49,1,279.49,Debit Card,2025-11-26,18,0,0,1
T0066721,C018178,18-25,Other,Dallas,New,P3848,Groceries,93.82,35,60.98,2,121.96,Cash,2025-11-30,2,1,0,0
T0020829,C025837,46-55,Other,Los Angeles,New,P7208,Sports,412.9,35,268.38,1,268.38,Debit Card,2025-11-27,1,0,0,1
T0029715,C027305,18-25,Female,New York,New,P2676,Accessories,342.72,30,239.9,2,479.8,PayPal,2025-12-01,13,0,0,1
T0068995,C028509,46-55,Female,Dallas,New,P3426,Books,88.6,25,66.45,1,66.45,Mobile Wallet,2025-11-24,11,0,0,0
T0057492,C009201,56+,Other,Atlanta,Returning,P8042,Electronics,1728.4,10,1555.56,1,1555.56,Cash,2025-11-28,4,0,1,1
T0058863,C027082,56+,Other,Los Angeles,New,P3641,Electronics,2110.4,20,1688.32,1,1688.32,Cash,2025-11-25,5,0,0,1
T0067433,C029328,26-35,Female,Atlanta,New,P4947,Accessories,93.08,40,55.85,1,55.85,Gift Card,2025-11-27,11,0,0,0
T0006004,C022013,26-35,Female,Chicago,VIP,P9114,Home & Kitchen,206.25,30,144.38,1,144.38,PayPal,2025-12-01,1,0,0,0
T0043019,C001317,36-45,Female,Los Angeles,Returning,P8917,Books,68.08,35,44.25,1,44.25,PayPal,2025-11-29,11,1,0,0
T0086542,C023393,46-55,Other,Chicago,VIP,P1371,Footwear,319.58,40,191.75,1,191.75,Cash,2025-11-24,15,0,0,1
T0022060,C023514,36-45,Other,San Francisco,Loyal,P9569,Accessories,315.11,20,252.09,1,252.09,Cash,2025-12-01,4,0,0,1
T0057671,C013069,56+,Male,Phoenix,Returning,P1588,Home & Kitchen,1175.06,10,1057.55,2,2115.1,Gift Card,2025-11-24,19,0,0,1
T0042212,C026008,18-25,Male,New York,VIP,P9171,Clothing,49.14,50,24.57,5,122.85,Mobile Wallet,2025-11-27,1,0,0,0
T0011115,C014432,26-35,Female,Seattle,New,P8030,Electronics,476.51,20,381.21,2,762.42,Gift Card,2025-11-24,10,0,0,1
T0015025,C027313,46-55,Male,San Francisco,Returning,P4148,Toys,250.24,30,175.17,2,350.34,Debit Card,2025-11-30,10,1,0,1
T0038768,C016020,36-45,Female,New York,New,P5135,Home & Kitchen,649.38,15,551.97,4,2207.88,Debit Card,2025-11-25,5,0,0,1
T0019634,C016185,56+,Other,Phoenix,New,P7860,Groceries,70.67,35,45.94,1,45.94,Gift Card,2025-11-27,10,0,0,0
T0075412,C034099,26-35,Male,Phoenix,New,P2062,Beauty,178.53,20,142.82,1,142.82,Credit Card,2025-11-27,5,0,0,0
T0017328,C024677,26-35,Other,Seattle,Loyal,P3008,Footwear,45.47,40,27.28,1,27.28,Debit Card,2025-11-25,22,0,0,0
T0018909,C010391,46-55,Other,Dallas,New,P6224,Clothing,226.19,30,158.33,1,158.33,Cash,2025-11-26,11,0,0,0
T0077481,C028015,56+,Female,Atlanta,Loyal,P5709,Footwear,220.1,30,154.07,1,154.07,PayPal,2025-11-27,10,0,0,0
T0054298,C024123,36-45,Female,Atlanta,New,P1610,Electronics,1715.56,15,1458.23,1,1458.23,Mobile Wallet,2025-11-25,7,0,0,1
T0065855,C002629,46-55,Other,Los Angeles,Loyal,P7211,Groceries,135.58,35,88.13,1,88.13,Cash,2025-11-27,12,0,0,0
T0012413,C011907,18-25,Female,Atlanta,Returning,P2230,Books,44.77,60,17.91,1,17.91,Debit Card,2025-11-24,19,0,0,0
T0088655,C013853,36-45,Male,Dallas,Loyal,P8681,Beauty,76.32,25,57.24,1,57.24,PayPal,2025-11-28,22,0,1,0
T0094716,C018701,26-35,Other,Los Angeles,Returning,P1352,Groceries,59.39,20,47.51,1,47.51,Debit Card,2025-12-01,20,0,0,0
T0057614,C007117,56+,Male,Miami,Returning,P2872,Groceries,183.45,5,174.28,1,174.28,PayPal,2025-11-27,11,0,0,1
T0038709,C014529,18-25,Male,Houston,Returning,P3050,Clothing,67.74,10,60.97,2,121.94,Gift Card,2025-11-29,1,1,0,0
T0005798,C032158,46-55,Male,Atlanta,Returning,P8250,Electronics,2309.19,35,1500.97,1,1500.97,Cash,2025-11-24,6,0,0,1
T0028145,C026100,18-25,Other,Chicago,Returning,P1731,Books,24.06,15,20.45,2,40.9,Credit Card,2025-11-25,13,0,0,0
T0035877,C010483,18-25,Other,New York,VIP,P6065,Accessories,323.86,35,210.51,2,421.02,Gift Card,2025-11-29,2,1,0,1
T0049348,C006057,56+,Male,Chicago,Returning,P9751,Home & Kitchen,76.82,20,61.46,3,184.38,Gift Card,2025-11-29,5,1,0,1
T0059789,C001800,36-45,Male,Los Angeles,New,P3260,Books,22.83,25,17.12,1,17.12,Gift Card,2025-11-24,2,0,0,0
T0050215,C020363,56+,Male,Houston,Loyal,P3827,Clothing,101.99,30,71.39,1,71.39,PayPal,2025-11-28,8,0,1,0
T0008666,C032924,46-55,Other,Miami,New,P7623,Books,95.34,10,85.81,1,85.81,Cash,2025-11-26,18,0,0,0
T0046534,C032487,56+,Other,New York,New,P2174,Books,24.98,10,22.48,1,22.48,Credit Card,2025-11-27,7,0,0,0
T0067610,C020038,36-45,Male,New York,VIP,P2250,Home & Kitchen,1105.03,20,884.02,1,884.02,Mobile Wallet,2025-11-26,6,0,0,1
T0025013,C027656,56+,Other,Seattle,New,P7778,Beauty,232.11,20,185.69,2,371.38,Credit Card,2025-11-26,17,0,0,1
T0094802,C029519,18-25,Female,Phoenix,Loyal,P8507,Books,31.1,20,24.88,1,24.88,Cash,2025-11-30,2,1,0,0
T0075145,C003842,46-55,Female,Dallas,New,P2771,Sports,38.38,30,26.87,1,26.87,Cash,2025-11-27,4,0,0,0
T0063822,C014767,18-25,Other,San Francisco,New,P7521,Toys,280.04,40,168.02,1,168.02,Gift Card,2025-11-25,20,0,0,1
T0034660,C001984,36-45,Other,Chicago,Returning,P5843,Accessories,373.08,40,223.85,1,223.85,Credit Card,2025-12-01,18,0,0,1
T0075267,C022536,56+,Female,Miami,Loyal,P2093,Beauty,227.95,40,136.77,2,273.54,Mobile Wallet,2025-11-24,20,0,0,1
T0043900,C029363,56+,Male,Miami,Loyal,P5979,Clothing,118.12,35,76.78,2,153.56,Debit Card,2025-11-28,7,0,1,0
T0053115,C022590,18-25,Other,Miami,New,P1652,Accessories,416.03,25,312.02,1,312.02,Cash,2025-11-28,11,0,1,1
T0049255,C000817,18-25,Other,Atlanta,New,P3579,Books,106.95,40,64.17,2,128.34,PayPal,2025-11-29,9,1,0,0
T0068109,C020425,36-45,Female,Miami,Returning,P6667,Toys,258.11,35,167.77,2,335.54,Cash,2025-12-01,9,0,0,1
T0030966,C024240,18-25,Female,Miami,VIP,P3179,Electronics,636.1,50,318.05,2,636.1,Credit Card,2025-11-29,8,1,0,1
T0091526,C016962,46-55,Female,Houston,New,P7627,Sports,351.91,35,228.74,1,228.74,Debit Card,2025-11-30,10,1,0,1
T0078628,C015711,46-55,Female,Phoenix,Returning,P2916,Sports,124.21,5,118.0,2,236.0,Cash,2025-11-29,17,1,0,1
T0032102,C009772,56+,Other,Los Angeles,New,P8301,Home & Kitchen,450.07,5,427.57,1,427.57,Gift Card,2025-11-28,17,0,1,1
T0079973,C032334,36-45,Other,New York,Returning,P3482,Home & Kitchen,560.54,30,392.38,2,784.76,PayPal,2025-11-26,22,0,0,1
T0004897,C025067,56+,Male,Phoenix,Loyal,P5532,Groceries,166.51,20,133.21,2,266.42,PayPal,2025-12-01,11,0,0,1
T0036939,C017092,46-55,Other,Phoenix,New,P6521,Accessories,290.39,40,174.23,1,174.23,Cash,2025-11-28,15,0,1,1
T0032147,C003645,46-55,Other,Chicago,Returning,P7029,Beauty,129.27,10,116.34,1,116.34,Gift Card,2025-11-29,14,1,0,0
T0056094,C009507,56+,Male,Atlanta,New,P5613,Groceries,88.7,30,62.09,1,62.09,Cash,2025-11-24,5,0,0,0
T0052708,C006820,18-25,Other,Miami,Returning,P1058,Groceries,166.07,20,132.86,1,132.86,PayPal,2025-11-30,5,1,0,0
T0072886,C032088,18-25,Other,Los Angeles,New,P8156,Beauty,128.25,15,109.01,2,218.02,PayPal,2025-11-27,17,0,0,1
T0061496,C000364,26-35,Female,Atlanta,Returning,P3287,Beauty,76.2,25,57.15,1,57.15,PayPal,2025-11-26,11,0,0,0
T0005283,C000104,36-45,Other,New York,Returning,P8964,Home & Kitchen,901.21,30,630.85,1,630.85,Debit Card,2025-11-26,10,0,0,1
T0034758,C016952,26-35,Other,Chicago,Loyal,P4707,Accessories,433.6,35,281.84,2,563.68,Gift Card,2025-11-29,10,1,0,1
T0065108,C016033,36-45,Other,Los Angeles,Loyal,P3008,Groceries,150.99,15,128.34,1,128.34,Mobile Wallet,2025-12-01,17,0,0,0
T0079540,C020686,46-55,Male,Atlanta,Returning,P1312,Home & Kitchen,1155.12,20,924.1,2,1848.2,Mobile Wallet,2025-11-28,2,0,1,1
T0017123,C015415,26-35,Male,Los Angeles,Returning,P5427,Electronics,1298.5,35,844.02,1,844.02,Cash,2025-11-29,3,1,0,1
T0001353,C018622,46-55,Male,Atlanta,Returning,P3568,Groceries,40.35,25,30.26,1,30.26,Gift Card,2025-11-26,23,0,0,0
T0057800,C009583,56+,Male,Seattle,Returning,P9678,Groceries,126.13,40,75.68,3,227.04,Mobile Wallet,2025-11-25,2,0,0,1
T0013853,C021165,26-35,Female,Phoenix,New,P7641,Toys,29.73,25,22.3,1,22.3,Cash,2025-11-27,2,0,0,0
T0057731,C018094,56+,Male,Seattle,Returning,P1389,Books,117.27,35,76.23,3,228.69,Credit Card,2025-11-29,17,1,0,1
T0040932,C004412,56+,Male,Houston,Returning,P4170,Clothing,88.81,35,57.73,3,173.19,PayPal,2025-11-26,12,0,0,1
T0082848,C013482,26-35,Female,San Francisco,Returning,P9866,Home & Kitchen,758.81,15,644.99,1,644.99,Gift Card,2025-11-24,6,0,0,1
T0091400,C015942,46-55,Other,San Francisco,VIP,P8982,Toys,213.33,30,149.33,1,149.33,Debit Card,2025-11-24,10,0,0,0
T0078332,C003813,36-45,Female,Miami,New,P3105,Home & Kitchen,822.76,50,411.38,1,411.38,Cash,2025-11-29,8,1,0,1
T0098257,C011320,46-55,Female,Seattle,Returning,P5797,Clothing,91.21,30,63.85,2,127.7,PayPal,2025-11-25,18,0,0,0
T0019984,C027844,56+,Male,Seattle,New,P9230,Sports,404.49,15,343.82,1,343.82,Credit Card,2025-11-28,9,0,1,1
T0003670,C007402,18-25,Other,Chicago,Loyal,P9820,Sports,572.22,50,286.11,1,286.11,Cash,2025-11-24,7,0,0,1
T0090819,C010566,36-45,Male,Los Angeles,New,P3860,Clothing,138.52,10,124.67,1,124.67,Credit Card,2025-12-01,19,0,0,0
T0029164,C012618,26-35,Male,Phoenix,New,P4319,Clothing,81.35,25,61.01,1,61.01,Debit Card,2025-11-30,23,1,0,0
T0010919,C014719,56+,Female,Houston,Returning,P8194,Sports,330.69,25,248.02,1,248.02,Debit Card,2025-11-28,1,0,1,1
T0050731,C028043,56+,Male,Phoenix,Returning,P7693,Footwear,250.95,25,188.21,1,188.21,PayPal,2025-11-25,6,0,0,1
T0089246,C024360,18-25,Male,Houston,New,P2466,Home & Kitchen,340.31,35,221.2,2,442.4,Cash,2025-11-30,14,1,0,1
T0094757,C025066,18-25,Female,New York,Loyal,P3139,Beauty,137.83,25,103.37,1,103.37,PayPal,2025-11-29,12,1,0,0
T0030773,C006167,18-25,Female,Miami,New,P5641,Accessories,269.99,40,161.99,3,485.97,Gift Card,2025-11-27,21,0,0,1
T0051839,C031141,46-55,Other,Seattle,Returning,P1390,Accessories,314.05,30,219.84,1,219.84,Credit Card,2025-11-27,4,0,0,1
T0017427,C018953,36-45,Other,Atlanta,Returning,P1240,Beauty,87.5,20,70.0,1,70.0,PayPal,2025-11-29,12,1,0,0
T0064566,C011812,36-45,Female,Miami,Loyal,P9538,Toys,113.19,10,101.87,2,203.74,Mobile Wallet,2025-11-27,1,0,0,1
T0061051,C010643,56+,Female,Los Angeles,Loyal,P6115,Home & Kitchen,320.31,25,240.23,2,480.46,PayPal,2025-11-25,1,0,0,1
T0035924,C000901,46-55,Female,Los Angeles,New,P1193,Home & Kitchen,668.63,35,434.61,1,434.61,Debit Card,2025-11-28,15,0,1,1
T0065289,C029860,18-25,Male,Miami,Loyal,P6261,Footwear,291.86,20,233.49,1,233.49,Cash,2025-11-29,19,1,0,1
T0064842,C006957,26-35,Male,Houston,New,P9603,Books,13.24,25,9.93,1,9.93,Mobile Wallet,2025-11-30,13,1,0,0
T0070885,C015229,46-55,Female,Seattle,Returning,P9542,Footwear,348.06,10,313.25,2,626.5,Gift Card,2025-12-01,13,0,0,1
T0069882,C034334,56+,Female,Atlanta,New,P2282,Sports,598.41,30,418.89,2,837.78,Cash,2025-12-01,22,0,0,1
T0089871,C033879,18-25,Female,New York,New,P2735,Accessories,120.76,25,90.57,4,362.28,Gift Card,2025-11-30,6,1,0,1
T0074758,C000354,18-25,Female,San Francisco,New,P8183,Footwear,253.04,35,164.48,2,328.96,Gift Card,2025-11-27,5,0,0,1
T0011008,C031268,56+,Female,Chicago,Loyal,P6929,Accessories,233.7,30,163.59,2,327.18,Debit Card,2025-12-01,17,0,0,1
T0025519,C023196,26-35,Other,Los Angeles,New,P2007,Electronics,1582.82,35,1028.83,1,1028.83,PayPal,2025-11-27,21,0,0,1
T0006150,C031058,18-25,Male,Atlanta,Loyal,P3137,Books,72.47,5,68.85,1,68.85,Debit Card,2025-11-30,14,1,0,0
T0008346,C028991,18-25,Male,Dallas,Returning,P4382,Accessories,139.57,35,90.72,1,90.72,Gift Card,2025-11-27,11,0,0,0
T0098407,C002639,18-25,Female,Phoenix,New,P5553,Groceries,167.74,20,134.19,1,134.19,Cash,2025-11-26,12,0,0,0
T0017926,C004646,36-45,Other,San Francisco,New,P6478,Electronics,1819.07,15,1546.21,1,1546.21,Credit Card,2025-11-30,21,1,0,1
T0002347,C006700,18-25,Female,Atlanta,Returning,P6222,Books,5.36,25,4.02,4,16.08,Debit Card,2025-11-29,15,1,0,0
T0024119,C027329,36-45,Other,Houston,Loyal,P5302,Beauty,249.74,15,212.28,4,849.12,Cash,2025-11-27,9,0,0,1
T0052223,C017883,18-25,Male,Los Angeles,Returning,P1579,Books,18.27,20,14.62,2,29.24,Debit Card,2025-11-28,8,0,1,0
T0025271,C029057,36-45,Other,Phoenix,Returning,P3035,Sports,250.71,20,200.57,3,601.71,Debit Card,2025-11-24,13,0,0,1
T0013026,C001337,56+,Other,Houston,Loyal,P4759,Clothing,104.36,30,73.05,2,146.1,Mobile Wallet,2025-11-30,7,1,0,0
T0066602,C029482,46-55,Female,New York,VIP,P7631,Sports,182.06,30,127.44,3,382.32,Mobile Wallet,2025-11-26,5,0,0,1
T0063479,C011990,46-55,Other,Dallas,Loyal,P8891,Toys,55.72,15,47.36,1,47.36,Cash,2025-11-26,6,0,0,0
T0005188,C011200,56+,Other,Houston,Returning,P2184,Electronics,262.01,20,209.61,1,209.61,Gift Card,2025-11-24,12,0,0,1
T0005200,C011843,56+,Other,Chicago,New,P3174,Clothing,159.24,20,127.39,1,127.39,Mobile Wallet,2025-11-30,15,1,0,0
T0037207,C002012,18-25,Male,Los Angeles,Returning,P5840,Electronics,895.25,40,537.15,1,537.15,Debit Card,2025-11-25,9,0,0,1
T0032963,C027943,26-35,Female,Atlanta,New,P7150,Groceries,169.53,25,127.15,2,254.3,PayPal,2025-11-27,0,0,0,1
T0002227,C004455,36-45,Female,New York,New,P8604,Footwear,316.22,35,205.54,1,205.54,PayPal,2025-11-27,9,0,0,1
T0070326,C031786,18-25,Other,Chicago,Returning,P6659,Sports,541.98,35,352.29,1,352.29,Debit Card,2025-11-24,5,0,0,1
T0072822,C009506,46-55,Male,New York,Loyal,P2323,Electronics,226.26,20,181.01,1,181.01,PayPal,2025-11-26,1,0,0,1
T0052964,C020370,56+,Female,Los Angeles,Loyal,P7340,Footwear,170.26,15,144.72,1,144.72,PayPal,2025-11-30,1,1,0,0
T0053379,C005752,46-55,Female,Houston,VIP,P3069,Home & Kitchen,525.28,40,315.17,2,630.34,Gift Card,2025-12-01,22,0,0,1
T0056592,C012535,46-55,Male,Atlanta,New,P4661,Beauty,204.52,50,102.26,1,102.26,Mobile Wallet,2025-11-29,18,1,0,0
T0017404,C023868,18-25,Male,Phoenix,Returning,P4998,Beauty,182.24,25,136.68,1,136.68,Credit Card,2025-11-30,11,1,0,0
T0018345,C008558,46-55,Other,Seattle,Returning,P4100,Accessories,492.0,25,369.0,2,738.0,Credit Card,2025-11-28,0,0,1,1
T0012984,C004170,18-25,Male,Los Angeles,Loyal,P1284,Home & Kitchen,100.36,30,70.25,1,70.25,Debit Card,2025-11-24,14,0,0,0
T0027528,C034550,56+,Other,Phoenix,Loyal,P4302,Footwear,38.92,20,31.14,1,31.14,Cash,2025-12-01,15,0,0,0
T0068971,C026223,56+,Female,Seattle,Loyal,P8055,Home & Kitchen,382.55,25,286.91,5,1434.55,Cash,2025-11-29,21,1,0,1
T0003222,C019125,26-35,Other,San Francisco,New,P9984,Toys,234.64,15,199.44,2,398.88,Mobile Wallet,2025-11-26,20,0,0,1
T0028249,C011263,56+,Other,Seattle,New,P2820,Groceries,49.8,20,39.84,2,79.68,PayPal,2025-11-29,1,1,0,0
T0080913,C029498,56+,Female,New York,Returning,P5598,Home & Kitchen,409.87,25,307.4,1,307.4,Debit Card,2025-11-28,16,0,1,1
T0053117,C001042,26-35,Female,Seattle,Returning,P9932,Toys,79.88,30,55.92,1,55.92,Mobile Wallet,2025-11-28,11,0,1,0
T0054149,C031053,26-35,Female,Atlanta,Returning,P2157,Electronics,1498.88,15,1274.05,1,1274.05,PayPal,2025-11-29,13,1,0,1
T0058728,C025383,56+,Other,Phoenix,New,P3437,Beauty,28.67,10,25.8,1,25.8,Credit Card,2025-12-01,20,0,0,0
T0047197,C006187,26-35,Other,Los Angeles,VIP,P2318,Accessories,164.14,40,98.48,1,98.48,Debit Card,2025-11-24,3,0,0,0
T0044809,C003047,26-35,Female,Chicago,Loyal,P7375,Beauty,240.39,35,156.25,1,156.25,Debit Card,2025-11-26,21,0,0,0
T0027982,C015194,56+,Male,Seattle,Returning,P3774,Sports,230.68,20,184.54,1,184.54,Credit Card,2025-12-01,0,0,0,1
T0030426,C010982,18-25,Female,Phoenix,New,P1941,Accessories,245.8,35,159.77,1,159.77,PayPal,2025-11-28,7,0,1,0
T0035635,C022421,56+,Other,Phoenix,New,P7871,Beauty,241.63,25,181.22,1,181.22,Mobile Wallet,2025-11-26,20,0,0,1
T0032011,C011781,26-35,Male,Houston,Returning,P1298,Home & Kitchen,115.97,15,98.57,1,98.57,Gift Card,2025-11-26,21,0,0,0
T0091401,C008743,56+,Female,Dallas,New,P7955,Footwear,216.88,40,130.13,1,130.13,Gift Card,2025-11-30,17,1,0,0
T0023377,C026123,46-55,Other,Miami,Returning,P8454,Groceries,170.31,35,110.7,2,221.4,Debit Card,2025-11-26,2,0,0,1
T0014043,C022509,18-25,Other,Atlanta,Returning,P7750,Electronics,891.24,35,579.31,3,1737.93,Debit Card,2025-11-27,10,0,0,1
T0029888,C022333,46-55,Other,Miami,VIP,P6788,Electronics,1151.55,35,748.51,1,748.51,Debit Card,2025-12-01,8,0,0,1
T0082699,C029397,46-55,Other,New York,Loyal,P4958,Groceries,108.88,35,70.77,1,70.77,Debit Card,2025-12-01,15,0,0,0
T0098010,C013618,26-35,Male,Phoenix,New,P3347,Electronics,726.87,25,545.15,2,1090.3,Cash,2025-11-24,10,0,0,1
T0020254,C034660,26-35,Other,Chicago,Loyal,P4850,Clothing,175.72,30,123.0,2,246.0,Credit Card,2025-11-27,3,0,0,1
T0046553,C000069,36-45,Female,Dallas,VIP,P7597,Sports,408.76,10,367.88,1,367.88,Mobile Wallet,2025-11-30,15,1,0,1
T0004271,C026252,36-45,Male,New York,Loyal,P7067,Sports,193.66,25,145.24,3,435.72,Mobile Wallet,2025-11-30,18,1,0,1
T0039953,C034693,46-55,Male,Seattle,Returning,P2567,Toys,27.81,30,19.47,1,19.47,Gift Card,2025-11-26,9,0,0,0
T0098005,C001890,36-45,Male,Seattle,Loyal,P6782,Toys,206.88,30,144.82,2,289.64,Debit Card,2025-11-27,20,0,0,1
T0091714,C000139,36-45,Male,Atlanta,Loyal,P4347,Electronics,1669.45,10,1502.5,2,3005.0,Cash,2025-11-26,13,0,0,1
T0020941,C027780,26-35,Female,New York,Loyal,P6677,Groceries,37.11,20,29.69,1,29.69,Gift Card,2025-11-28,21,0,1,0
T0046849,C001933,56+,Other,Atlanta,Returning,P7656,Beauty,132.51,30,92.76,1,92.76,Gift Card,2025-11-26,11,0,0,0
T0081732,C006487,18-25,Other,San Francisco,Returning,P6554,Footwear,298.87,20,239.1,1,239.1,Credit Card,2025-11-29,12,1,0,1
T0064072,C032724,46-55,Male,Houston,Returning,P2460,Accessories,19.3,40,11.58,1,11.58,Gift Card,2025-11-27,18,0,0,0
T0008859,C004323,18-25,Other,Houston,Loyal,P8623,Home & Kitchen,293.59,50,146.79,1,146.79,Gift Card,2025-11-30,5,1,0,0
T0097544,C027764,56+,Female,Dallas,Returning,P2307,Clothing,136.5,25,102.38,4,409.52,Mobile Wallet,2025-11-30,8,1,0,1
T0077193,C032229,56+,Female,Phoenix,Returning,P8109,Toys,87.35,10,78.61,2,157.22,Mobile Wallet,2025-11-27,15,0,0,0
T0022813,C000454,26-35,Female,Houston,New,P4425,Beauty,232.65,35,151.22,1,151.22,PayPal,2025-11-30,5,1,0,0
T0008012,C013128,56+,Female,Los Angeles,New,P1571,Sports,577.26,30,404.08,1,404.08,Gift Card,2025-11-27,5,0,0,1
T0078901,C020543,18-25,Male,Dallas,Returning,P4356,Toys,76.06,30,53.24,1,53.24,Cash,2025-11-28,4,0,1,0
T0047537,C024454,56+,Other,Phoenix,VIP,P3698,Sports,408.75,20,327.0,1,327.0,Gift Card,2025-11-30,22,1,0,1
T0035826,C006563,26-35,Male,Houston,New,P4107,Beauty,119.63,30,83.74,2,167.48,Gift Card,2025-11-30,6,1,0,1
T0033868,C018645,36-45,Male,Chicago,VIP,P2865,Books,40.57,40,24.34,1,24.34,PayPal,2025-11-25,18,0,0,0
T0093632,C021702,26-35,Other,San Francisco,Returning,P4023,Sports,344.44,10,310.0,4,1240.0,Credit Card,2025-11-28,5,0,1,1
T0057892,C026428,46-55,Male,Chicago,Returning,P1710,Books,14.27,40,8.56,1,8.56,Mobile Wallet,2025-11-27,7,0,0,0
T0014590,C001358,26-35,Other,Chicago,Returning,P4718,Sports,447.11,25,335.33,3,1005.99,Credit Card,2025-11-24,8,0,0,1
T0054579,C005596,36-45,Male,Chicago,Returning,P3169,Toys,109.45,35,71.14,1,71.14,Mobile Wallet,2025-11-26,23,0,0,0
T0078894,C031866,18-25,Female,Houston,New,P8207,Electronics,1305.24,5,1239.98,1,1239.98,Gift Card,2025-11-24,9,0,0,1
T0076500,C013296,18-25,Female,Dallas,New,P5894,Groceries,36.56,25,27.42,1,27.42,PayPal,2025-11-29,2,1,0,0
T0025556,C028222,18-25,Male,Seattle,Returning,P7892,Clothing,146.46,20,117.17,3,351.51,Credit Card,2025-11-27,7,0,0,1
T0064411,C025344,36-45,Female,San Francisco,Returning,P6490,Toys,134.67,15,114.47,1,114.47,Mobile Wallet,2025-11-29,9,1,0,0
T0027457,C013986,56+,Other,New York,Loyal,P5790,Clothing,212.57,15,180.68,1,180.68,Gift Card,2025-11-28,10,0,1,1
T0062042,C022027,26-35,Female,Phoenix,VIP,P6953,Books,91.11,10,82.0,1,82.0,Credit Card,2025-11-24,22,0,0,0
T0004820,C006915,26-35,Male,Houston,Loyal,P8210,Toys,102.71,35,66.76,3,200.28,PayPal,2025-11-25,4,0,0,1
T0056012,C020988,56+,Female,San Francisco,Returning,P4642,Footwear,168.14,40,100.88,4,403.52,Credit Card,2025-11-25,21,0,0,1
T0053638,C021753,56+,Female,Dallas,Returning,P7319,Footwear,286.2,20,228.96,1,228.96,Credit Card,2025-11-25,11,0,0,1
T0020880,C028366,26-35,Male,Phoenix,New,P8625,Home & Kitchen,685.83,20,548.66,2,1097.32,Gift Card,2025-12-01,2,0,0,1
T0070462,C006384,46-55,Other,Houston,New,P1064,Electronics,258.02,40,154.81,2,309.62,Mobile Wallet,2025-11-29,16,1,0,1
T0069571,C004007,18-25,Female,Atlanta,Returning,P8531,Toys,142.95,50,71.47,1,71.47,Credit Card,2025-11-27,10,0,0,0
T0012373,C016976,56+,Male,Seattle,Returning,P6804,Beauty,165.31,25,123.98,1,123.98,Credit Card,2025-11-26,21,0,0,0
T0081435,C002430,36-45,Male,Atlanta,New,P9258,Beauty,33.67,10,30.3,2,60.6,Mobile Wallet,2025-11-24,19,0,0,0
T0090291,C008402,26-35,Other,Miami,VIP,P7654,Sports,163.77,30,114.64,1,114.64,Gift Card,2025-11-28,5,0,1,0
T0096128,C028409,18-25,Male,Dallas,Loyal,P7697,Clothing,279.54,25,209.66,1,209.66,PayPal,2025-12-01,19,0,0,1
T0004799,C024188,46-55,Other,Seattle,Loyal,P6192,Toys,285.37,20,228.3,1,228.3,Credit Card,2025-11-27,20,0,0,1
T0057161,C005910,18-25,Male,Houston,Returning,P8314,Groceries,27.58,15,23.44,1,23.44,Mobile Wallet,2025-11-25,14,0,0,0
T0077329,C016009,36-45,Female,Miami,New,P9449,Beauty,149.09,25,111.82,2,223.64,Cash,2025-11-24,18,0,0,1
T0055362,C007643,18-25,Male,Miami,Loyal,P9822,Home & Kitchen,564.59,25,423.44,4,1693.76,Credit Card,2025-11-28,22,0,1,1
T0018025,C021844,56+,Male,Phoenix,VIP,P7026,Accessories,394.14,25,295.6,1,295.6,Gift Card,2025-11-29,20,1,0,1
T0002408,C020591,56+,Other,Houston,Returning,P1077,Sports,340.09,25,255.07,3,765.21,Mobile Wallet,2025-11-28,2,0,1,1
T0015413,C004759,18-25,Other,Seattle,Loyal,P3847,Accessories,124.96,20,99.97,1,99.97,PayPal,2025-12-01,16,0,0,0
T0013404,C018989,18-25,Male,Miami,Returning,P6441,Home & Kitchen,1159.1,25,869.32,1,869.32,Credit Card,2025-11-27,17,0,0,1
T0010431,C006384,18-25,Female,Miami,Returning,P9839,Home & Kitchen,511.09,50,255.54,1,255.54,Credit Card,2025-11-24,11,0,0,1
T0074134,C015317,56+,Male,Houston,New,P9191,Clothing,236.24,30,165.37,1,165.37,Debit Card,2025-11-30,9,1,0,1
T0037554,C020762,36-45,Female,Seattle,Loyal,P1476,Home & Kitchen,393.97,15,334.87,1,334.87,Gift Card,2025-11-26,8,0,0,1
T0096694,C023592,46-55,Other,Los Angeles,Returning,P2182,Home & Kitchen,323.84,60,129.54,1,129.54,Credit Card,2025-11-24,6,0,0,0
T0030769,C012596,18-25,Male,Houston,Loyal,P6490,Toys,232.71,30,162.9,1,162.9,Credit Card,2025-11-28,8,0,1,1
T0093786,C027898,56+,Female,Phoenix,Returning,P3691,Accessories,12.06,25,9.04,1,9.04,Credit Card,2025-11-27,5,0,0,0
T0080158,C021126,56+,Other,Chicago,Loyal,P9461,Footwear,45.11,35,29.32,1,29.32,Cash,2025-11-24,16,0,0,0
T0022866,C001422,26-35,Other,Chicago,Loyal,P5127,Toys,245.16,15,208.39,1,208.39,Gift Card,2025-11-26,5,0,0,1
T0032154,C023587,36-45,Other,Los Angeles,New,P3472,Accessories,363.13,30,254.19,2,508.38,Gift Card,2025-11-25,22,0,0,1
T0027199,C026625,26-35,Other,Chicago,Returning,P8635,Clothing,82.13,25,61.6,2,123.2,Credit Card,2025-11-29,5,1,0,0
T0043017,C030159,36-45,Male,Chicago,Returning,P7137,Sports,398.08,5,378.18,1,378.18,Cash,2025-11-24,1,0,0,1
T0002066,C007775,18-25,Female,Houston,Loyal,P6534,Groceries,48.92,20,39.14,4,156.56,Mobile Wallet,2025-11-29,10,1,0,0
T0031562,C014014,36-45,Other,New York,New,P1475,Beauty,182.02,30,127.41,1,127.41,Debit Card,2025-12-01,11,0,0,0
T0003798,C019590,26-35,Other,Atlanta,New,P1265,Home & Kitchen,363.91,25,272.93,1,272.93,Gift Card,2025-11-26,9,0,0,1
T0043475,C002492,46-55,Male,Atlanta,New,P1667,Home & Kitchen,551.33,35,358.36,2,716.72,Cash,2025-11-26,20,0,0,1
T0015079,C018239,18-25,Female,Los Angeles,VIP,P3228,Home & Kitchen,720.98,5,684.93,1,684.93,PayPal,2025-11-28,14,0,1,1
T0001105,C004817,18-25,Male,Chicago,New,P3697,Home & Kitchen,419.71,40,251.83,1,251.83,Cash,2025-11-24,18,0,0,1
T0095690,C020283,18-25,Other,Chicago,Returning,P2121,Accessories,46.28,40,27.77,2,55.54,Gift Card,2025-12-01,14,0,0,0
T0084250,C001877,56+,Other,Los Angeles,Loyal,P1370,Sports,472.71,35,307.26,1,307.26,Cash,2025-11-26,15,0,0,1
T0074894,C028147,18-25,Female,Chicago,Loyal,P7781,Sports,510.09,15,433.58,1,433.58,Gift Card,2025-11-24,16,0,0,1
T0037145,C021497,26-35,Other,Houston,New,P4642,Groceries,26.64,40,15.98,1,15.98,Debit Card,2025-11-27,19,0,0,0
T0006054,C026649,46-55,Female,Dallas,VIP,P9860,Accessories,57.76,50,28.88,1,28.88,Gift Card,2025-11-28,20,0,1,0
T0012619,C003147,56+,Female,Seattle,Returning,P3923,Beauty,27.63,20,22.1,1,22.1,Debit Card,2025-11-30,12,1,0,0
T0012260,C032885,56+,Female,Dallas,New,P4669,Groceries,36.41,50,18.2,1,18.2,Credit Card,2025-11-25,3,0,0,0
T0027124,C034651,56+,Other,New York,New,P3151,Books,102.88,10,92.59,1,92.59,Gift Card,2025-11-25,16,0,0,0
T0041704,C034719,46-55,Male,San Francisco,Returning,P9732,Accessories,75.11,20,60.09,1,60.09,Mobile Wallet,2025-11-27,8,0,0,0
T0056925,C029181,18-25,Other,Phoenix,New,P4752,Books,34.31,20,27.45,1,27.45,PayPal,2025-12-01,4,0,0,0
T0016871,C004912,36-45,Female,Miami,Returning,P4614,Sports,103.06,40,61.84,1,61.84,Cash,2025-11-25,14,0,0,0
T0076881,C016032,46-55,Female,San Francisco,Returning,P4029,Home & Kitchen,162.35,40,97.41,1,97.41,Mobile Wallet,2025-11-24,23,0,0,0
T0003941,C028524,36-45,Female,Seattle,Returning,P6978,Accessories,405.11,20,324.09,1,324.09,Cash,2025-11-25,10,0,0,1
T0030297,C018196,56+,Other,New York,Returning,P6480,Footwear,154.13,30,107.89,1,107.89,Credit Card,2025-11-24,3,0,0,0
T0055883,C003703,56+,Male,Seattle,New,P3312,Footwear,54.37,40,32.62,1,32.62,Credit Card,2025-11-27,14,0,0,0
T0096515,C007903,26-35,Other,San Francisco,Returning,P2542,Clothing,235.49,35,153.07,1,153.07,Mobile Wallet,2025-12-01,9,0,0,0
T0034191,C028108,26-35,Female,Los Angeles,Loyal,P6255,Toys,175.04,35,113.78,1,113.78,Mobile Wallet,2025-12-01,3,0,0,0
T0020301,C030795,56+,Other,New York,VIP,P4576,Sports,354.08,40,212.45,1,212.45,Gift Card,2025-11-27,9,0,0,1
T0054181,C005914,56+,Other,Houston,VIP,P5341,Sports,407.25,20,325.8,2,651.6,Debit Card,2025-11-27,20,0,0,1
T0049162,C024227,46-55,Male,Seattle,New,P8360,Accessories,441.65,25,331.24,1,331.24,Gift Card,2025-11-26,0,0,0,1
T0032173,C005350,46-55,Female,Dallas,New,P4733,Footwear,213.4,15,181.39,1,181.39,Gift Card,2025-11-30,6,1,0,1
T0088802,C018419,36-45,Other,Phoenix,Returning,P1402,Toys,250.02,30,175.01,1,175.01,PayPal,2025-11-28,2,0,1,1
T0010610,C009036,18-25,Female,Miami,New,P9905,Footwear,226.31,25,169.73,3,509.19,Gift Card,2025-11-30,3,1,0,1
T0040181,C011045,26-35,Female,Miami,Loyal,P8758,Groceries,179.51,15,152.58,1,152.58,Debit Card,2025-11-28,16,0,1,0
T0076682,C020769,26-35,Male,New York,New,P1052,Clothing,188.4,10,169.56,1,169.56,Gift Card,2025-11-27,16,0,0,1
T0043854,C026053,46-55,Other,Seattle,Loyal,P9818,Beauty,118.9,25,89.18,2,178.36,PayPal,2025-11-28,23,0,1,1
T0081825,C013389,46-55,Female,Los Angeles,Returning,P4299,Home & Kitchen,568.56,35,369.56,1,369.56,Mobile Wallet,2025-12-01,20,0,0,1
T0065444,C010433,46-55,Other,Atlanta,New,P2403,Accessories,169.98,40,101.99,1,101.99,Credit Card,2025-11-25,17,0,0,0
T0048378,C021426,46-55,Other,Dallas,VIP,P7704,Toys,207.18,10,186.46,1,186.46,PayPal,2025-11-25,1,0,0,1
T0023838,C008437,26-35,Male,Dallas,Returning,P2746,Sports,528.77,25,396.58,1,396.58,Cash,2025-12-01,21,0,0,1
T0079580,C016648,26-35,Female,Los Angeles,Returning,P7639,Home & Kitchen,723.81,20,579.05,3,1737.15,PayPal,2025-11-27,1,0,0,1
T0002153,C012484,18-25,Other,San Francisco,Loyal,P1027,Beauty,170.55,25,127.91,1,127.91,Credit Card,2025-11-26,10,0,0,0
T0025548,C019054,46-55,Female,Houston,VIP,P1487,Toys,276.03,35,179.42,1,179.42,PayPal,2025-11-30,14,1,0,1
T0015219,C006808,26-35,Male,Seattle,Loyal,P9951,Footwear,102.13,35,66.38,4,265.52,Debit Card,2025-11-26,22,0,0,1
T0024114,C010588,56+,Other,Miami,Returning,P7891,Footwear,219.54,20,175.63,1,175.63,Credit Card,2025-11-28,19,0,1,1
T0060744,C028491,26-35,Male,Atlanta,Returning,P2298,Clothing,71.32,10,64.19,1,64.19,PayPal,2025-11-29,8,1,0,0
T0077348,C023333,46-55,Female,Seattle,Returning,P8451,Beauty,20.24,15,17.2,1,17.2,PayPal,2025-11-24,3,0,0,0
T0013395,C013960,56+,Other,San Francisco,Loyal,P1278,Beauty,94.87,40,56.92,1,56.92,Debit Card,2025-12-01,3,0,0,0
T0021772,C011369,56+,Male,Miami,New,P9079,Electronics,880.73,35,572.47,2,1144.94,Debit Card,2025-11-24,21,0,0,1
T0025925,C008481,36-45,Male,New York,VIP,P6631,Toys,131.47,30,92.03,1,92.03,Credit Card,2025-11-27,2,0,0,0
T0091555,C015503,46-55,Other,Phoenix,Returning,P7865,Electronics,985.45,15,837.63,1,837.63,Credit Card,2025-11-26,16,0,0,1
T0086222,C002538,46-55,Other,Atlanta,New,P7582,Sports,472.59,20,378.07,1,378.07,Debit Card,2025-11-27,22,0,0,1
T0099328,C025598,26-35,Other,Los Angeles,Loyal,P5712,Electronics,1901.26,50,950.63,4,3802.52,Mobile Wallet,2025-11-26,14,0,0,1
T0072254,C030480,56+,Other,Los Angeles,Returning,P2857,Clothing,196.38,30,137.47,1,137.47,Credit Card,2025-11-26,6,0,0,0
T0088467,C022710,46-55,Other,Chicago,Returning,P6320,Groceries,33.79,30,23.65,1,23.65,Gift Card,2025-11-29,11,1,0,0
T0095553,C002101,56+,Male,Seattle,Loyal,P2799,Home & Kitchen,110.45,10,99.4,2,198.8,Cash,2025-11-25,0,0,0,1
T0044766,C024759,18-25,Female,Dallas,New,P2004,Books,39.04,30,27.33,2,54.66,Mobile Wallet,2025-11-26,7,0,0,0
T0094222,C002505,18-25,Female,Los Angeles,New,P5974,Accessories,364.3,30,255.01,1,255.01,Credit Card,2025-12-01,2,0,0,1
T0036821,C009463,26-35,Male,Los Angeles,VIP,P1730,Footwear,245.32,35,159.46,1,159.46,Credit Card,2025-12-01,10,0,0,0
T0066573,C025493,26-35,Other,Houston,New,P8429,Accessories,254.76,25,191.07,1,191.07,Gift Card,2025-11-24,10,0,0,1
T0096534,C001485,18-25,Male,Los Angeles,Returning,P9731,Clothing,140.62,20,112.5,1,112.5,Mobile Wallet,2025-11-29,19,1,0,0
T0039508,C000783,36-45,Other,Houston,New,P5260,Books,28.04,10,25.24,1,25.24,Mobile Wallet,2025-11-29,0,1,0,0
T0052700,C025658,36-45,Male,Seattle,Returning,P4019,Accessories,370.02,40,222.01,1,222.01,Debit Card,2025-11-24,23,0,0,1
T0040503,C009436,18-25,Male,Dallas,VIP,P5600,Beauty,91.7,30,64.19,1,64.19,PayPal,2025-11-26,0,0,0,0
T0009398,C011920,26-35,Other,Los Angeles,Returning,P9563,Footwear,294.9,5,280.15,1,280.15,Cash,2025-11-27,5,0,0,1
T0011558,C022983,46-55,Female,Los Angeles,VIP,P2091,Beauty,20.9,30,14.63,1,14.63,Cash,2025-11-24,3,0,0,0
T0097228,C005164,46-55,Male,Atlanta,Loyal,P9274,Electronics,1664.25,25,1248.19,3,3744.57,Debit Card,2025-11-27,6,0,0,1
T0020425,C001968,26-35,Male,Atlanta,VIP,P1654,Home & Kitchen,422.24,35,274.46,2,548.92,Gift Card,2025-12-01,21,0,0,1
T0058209,C033261,56+,Other,Phoenix,Loyal,P1722,Home & Kitchen,105.17,35,68.36,1,68.36,Cash,2025-11-28,0,0,1,0
T0035224,C027520,46-55,Female,Los Angeles,New,P2317,Toys,49.83,15,42.36,2,84.72,Credit Card,2025-11-24,15,0,0,0
T0070480,C020706,26-35,Male,San Francisco,Returning,P4720,Groceries,193.97,10,174.57,1,174.57,Credit Card,2025-11-26,6,0,0,1
T0070471,C008307,26-35,Female,Los Angeles,Returning,P9673,Groceries,120.84,30,84.59,1,84.59,Credit Card,2025-12-01,4,0,0,0
T0079360,C011090,26-35,Female,Houston,VIP,P6022,Accessories,407.3,30,285.11,1,285.11,Gift Card,2025-11-28,2,0,1,1
T0077609,C016743,36-45,Other,Atlanta,New,P8297,Home & Kitchen,166.57,20,133.26,1,133.26,Mobile Wallet,2025-11-26,22,0,0,0
T0063058,C000708,26-35,Male,New York,Returning,P9244,Electronics,1577.29,25,1182.97,1,1182.97,Cash,2025-11-26,9,0,0,1
T0018372,C023322,46-55,Male,Houston,Loyal,P7502,Home & Kitchen,274.61,20,219.69,1,219.69,Gift Card,2025-12-01,1,0,0,1
T0029659,C033590,36-45,Male,Seattle,New,P2142,Books,102.61,25,76.96,2,153.92,PayPal,2025-11-26,20,0,0,0
T0044445,C020530,18-25,Male,Chicago,Loyal,P7802,Clothing,102.48,20,81.98,1,81.98,Cash,2025-11-25,10,0,0,0
T0029153,C003140,46-55,Male,Miami,Loyal,P9044,Accessories,424.14,20,339.31,2,678.62,Cash,2025-11-26,19,0,0,1
T0090046,C006673,18-25,Other,Dallas,New,P3096,Toys,67.06,40,40.24,1,40.24,Gift Card,2025-11-26,5,0,0,0
T0027714,C010607,18-25,Male,Los Angeles,Returning,P2231,Accessories,154.04,25,115.53,1,115.53,Cash,2025-11-28,0,0,1,0
T0055217,C021254,18-25,Other,San Francisco,New,P8113,Toys,17.12,25,12.84,1,12.84,Cash,2025-11-27,12,0,0,0
T0050021,C033219,46-55,Other,Chicago,New,P2578,Accessories,33.19,30,23.23,1,23.23,Mobile Wallet,2025-11-29,11,1,0,0
T0047384,C016516,36-45,Male,Houston,Returning,P4965,Footwear,256.21,20,204.97,2,409.94,Cash,2025-11-27,4,0,0,1
T0080864,C010850,26-35,Male,Los Angeles,Returning,P8598,Sports,178.14,20,142.51,3,427.53,Debit Card,2025-12-01,4,0,0,1
T0091244,C011320,46-55,Other,Chicago,New,P5336,Sports,364.02,10,327.62,1,327.62,Gift Card,2025-11-29,18,1,0,1
T0096665,C002260,56+,Other,Dallas,New,P5860,Beauty,83.32,25,62.49,1,62.49,Debit Card,2025-12-01,21,0,0,0
T0057686,C005382,46-55,Female,Seattle,New,P5052,Electronics,1547.62,20,1238.1,1,1238.1,PayPal,2025-11-26,11,0,0,1
T0077958,C003607,56+,Male,Seattle,Returning,P4583,Electronics,2142.63,25,1606.97,1,1606.97,Credit Card,2025-11-28,1,0,1,1
T0042673,C032162,36-45,Male,Seattle,Loyal,P2982,Sports,313.51,30,219.46,1,219.46,Mobile Wallet,2025-11-27,2,0,0,1
T0088891,C021711,26-35,Male,Seattle,Loyal,P9768,Books,74.74,15,63.53,2,127.06,PayPal,2025-11-25,1,0,0,0
T0064527,C011332,26-35,Male,Dallas,Loyal,P9299,Footwear,149.36,15,126.96,2,253.92,Debit Card,2025-11-28,13,0,1,1
T0072725,C001338,56+,Other,Houston,Returning,P6362,Accessories,184.34,25,138.26,1,138.26,Credit Card,2025-11-26,5,0,0,0
T0080066,C008671,46-55,Female,Los Angeles,Returning,P9353,Books,84.15,40,50.49,1,50.49,PayPal,2025-12-01,18,0,0,0
T0092255,C001542,46-55,Female,Chicago,Loyal,P6230,Groceries,63.6,40,38.16,1,38.16,Mobile Wallet,2025-11-26,1,0,0,0
T0020613,C029717,26-35,Female,New York,Loyal,P7297,Beauty,62.48,40,37.49,1,37.49,Gift Card,2025-12-01,2,0,0,0
T0029396,C004198,56+,Male,San Francisco,New,P6438,Sports,231.64,30,162.15,2,324.3,Cash,2025-11-25,5,0,0,1
T0037446,C017683,56+,Female,Seattle,New,P7838,Footwear,61.06,35,39.69,2,79.38,Mobile Wallet,2025-11-27,8,0,0,0
T0038848,C016605,56+,Other,Dallas,Returning,P8579,Groceries,154.36,10,138.92,1,138.92,Mobile Wallet,2025-11-25,20,0,0,0
T0082654,C022080,26-35,Female,Houston,New,P8766,Electronics,2223.37,10,2001.03,1,2001.03,Gift Card,2025-11-24,4,0,0,1
T0002680,C010354,18-25,Female,Atlanta,New,P4293,Toys,248.98,15,211.63,1,211.63,Credit Card,2025-11-30,6,1,0,1
T0025473,C025195,26-35,Male,Seattle,Loyal,P6690,Toys,64.63,20,51.7,1,51.7,Credit Card,2025-11-30,7,1,0,0
T0078929,C029869,46-55,Female,Houston,Returning,P3099,Sports,415.73,60,166.29,2,332.58,Debit Card,2025-11-24,1,0,0,1
T0088214,C030791,46-55,Female,Dallas,New,P5497,Toys,261.47,5,248.4,2,496.8,PayPal,2025-12-01,5,0,0,1
T0059275,C031134,36-45,Female,Atlanta,Returning,P5261,Toys,26.35,15,22.4,1,22.4,Gift Card,2025-11-24,1,0,0,0
T0010677,C019885,26-35,Female,San Francisco,VIP,P1952,Sports,487.71,15,414.55,1,414.55,Debit Card,2025-11-27,7,0,0,1
T0052780,C034055,56+,Male,New York,Returning,P7827,Books,110.94,30,77.66,3,232.98,Cash,2025-11-25,5,0,0,1
T0025514,C004299,36-45,Female,Houston,Loyal,P9771,Accessories,152.9,40,91.74,2,183.48,Gift Card,2025-11-24,2,0,0,1
T0036903,C033299,36-45,Male,Chicago,Returning,P5222,Beauty,99.29,20,79.43,2,158.86,Cash,2025-11-29,14,1,0,0
T0026084,C008132,46-55,Female,Phoenix,New,P1818,Beauty,37.37,10,33.63,1,33.63,Mobile Wallet,2025-11-27,0,0,0,0
T0084060,C006427,18-25,Male,Chicago,New,P4373,Groceries,48.76,20,39.01,2,78.02,Cash,2025-11-30,7,1,0,0
T0087222,C013062,46-55,Female,San Francisco,Returning,P1217,Footwear,294.86,20,235.89,1,235.89,Cash,2025-11-29,21,1,0,1
T0034065,C008788,18-25,Female,Miami,Loyal,P2636,Accessories,123.17,35,80.06,1,80.06,Credit Card,2025-11-24,18,0,0,0
T0073404,C011067,26-35,Female,San Francisco,Loyal,P7563,Sports,195.9,30,137.13,3,411.39,PayPal,2025-11-30,19,1,0,1
T0039827,C029305,46-55,Other,Atlanta,New,P5296,Clothing,294.23,5,279.52,1,279.52,Credit Card,2025-11-27,5,0,0,1
T0014453,C010856,46-55,Other,Chicago,Returning,P6758,Beauty,230.88,50,115.44,2,230.88,Debit Card,2025-11-28,5,0,1,1
T0039228,C019533,26-35,Male,Los Angeles,Returning,P9052,Accessories,360.78,25,270.58,2,541.16,PayPal,2025-11-29,13,1,0,1
T0069282,C034604,56+,Female,San Francisco,Loyal,P1335,Groceries,6.43,35,4.18,1,4.18,Credit Card,2025-11-24,19,0,0,0
T0064928,C033068,36-45,Other,Chicago,Returning,P2014,Footwear,36.46,50,18.23,2,36.46,PayPal,2025-11-25,3,0,0,0
T0098320,C000894,26-35,Other,San Francisco,Loyal,P4893,Accessories,134.57,30,94.2,1,94.2,PayPal,2025-11-25,5,0,0,0
T0067257,C000130,46-55,Other,Miami,New,P6579,Home & Kitchen,957.62,40,574.57,1,574.57,PayPal,2025-11-27,12,0,0,1
T0052858,C010683,36-45,Other,Dallas,New,P7913,Footwear,259.73,10,233.76,1,233.76,Mobile Wallet,2025-11-28,5,0,1,1
T0020121,C015803,56+,Female,New York,New,P6566,Beauty,176.06,10,158.45,1,158.45,Cash,2025-11-24,17,0,0,0
T0067348,C032336,26-35,Male,San Francisco,Loyal,P9001,Footwear,151.07,15,128.41,2,256.82,Debit Card,2025-11-29,0,1,0,1
T0065753,C012034,36-45,Other,Chicago,Returning,P8469,Footwear,103.94,50,51.97,1,51.97,Gift Card,2025-11-25,4,0,0,0
T0010762,C029738,46-55,Male,New York,VIP,P5746,Books,100.01,40,60.01,1,60.01,Credit Card,2025-11-24,5,0,0,0
T0093295,C020065,56+,Female,San Francisco,Returning,P4747,Beauty,60.08,20,48.06,1,48.06,Debit Card,2025-11-24,12,0,0,0
T0051175,C016031,18-25,Male,New York,Returning,P4451,Sports,235.36,20,188.29,1,188.29,Mobile Wallet,2025-11-27,7,0,0,1
T0041070,C000647,26-35,Other,Houston,Loyal,P8659,Books,30.24,10,27.22,1,27.22,Cash,2025-11-25,15,0,0,0
T0037135,C032801,26-35,Female,San Francisco,Returning,P9072,Clothing,291.48,10,262.33,1,262.33,Credit Card,2025-11-28,20,0,1,1
T0010781,C014710,56+,Female,Seattle,New,P6450,Footwear,290.84,60,116.34,1,116.34,Gift Card,2025-11-29,19,1,0,0
T0037132,C018615,18-25,Other,Los Angeles,New,P8497,Beauty,94.81,20,75.85,2,151.7,Gift Card,2025-11-27,0,0,0,0
T0083048,C008973,36-45,Male,Chicago,Loyal,P3799,Groceries,17.17,20,13.74,1,13.74,PayPal,2025-11-24,16,0,0,0
T0089546,C000029,18-25,Female,Seattle,Loyal,P8729,Toys,65.37,30,45.76,1,45.76,Cash,2025-11-29,18,1,0,0
T0047708,C007697,18-25,Other,New York,New,P4801,Home & Kitchen,634.02,20,507.22,1,507.22,Debit Card,2025-11-26,6,0,0,1
T0025602,C022512,18-25,Other,Phoenix,Returning,P1821,Accessories,111.25,15,94.56,1,94.56,Debit Card,2025-12-01,9,0,0,0
T0031533,C004882,36-45,Male,Seattle,New,P2245,Footwear,61.48,15,52.26,1,52.26,Gift Card,2025-11-28,3,0,1,0
T0039899,C007815,36-45,Other,Phoenix,New,P5398,Books,18.71,30,13.1,1,13.1,PayPal,2025-11-29,3,1,0,0
T0031226,C026811,26-35,Male,Chicago,Loyal,P7792,Electronics,1085.4,25,814.05,1,814.05,Cash,2025-11-27,5,0,0,1
T0059213,C019395,46-55,Male,Miami,Returning,P5489,Groceries,151.69,30,106.18,1,106.18,PayPal,2025-12-01,3,0,0,0
T0088927,C023415,26-35,Male,New York,Returning,P6082,Footwear,96.11,20,76.89,1,76.89,Gift Card,2025-11-28,20,0,1,0
T0006548,C021428,46-55,Other,Los Angeles,Returning,P9231,Accessories,438.48,35,285.01,2,570.02,Gift Card,2025-12-01,21,0,0,1
T0027795,C022156,26-35,Other,Dallas,New,P3308,Toys,76.07,40,45.64,1,45.64,Debit Card,2025-11-25,2,0,0,0
T0059339,C005176,46-55,Female,New York,New,P5282,Footwear,73.62,30,51.53,1,51.53,Mobile Wallet,2025-11-24,6,0,0,0
T0089555,C026041,26-35,Female,Dallas,Loyal,P1197,Electronics,1326.8,35,862.42,1,862.42,Credit Card,2025-11-28,19,0,1,1
T0065359,C033161,26-35,Female,Atlanta,New,P7973,Toys,210.61,25,157.96,1,157.96,Credit Card,2025-11-30,12,1,0,0
T0003064,C023425,46-55,Other,San Francisco,Returning,P9459,Toys,256.32,25,192.24,1,192.24,Cash,2025-11-29,11,1,0,1
T0058378,C034897,36-45,Other,San Francisco,Returning,P6228,Clothing,116.99,15,99.44,1,99.44,Credit Card,2025-11-25,21,0,0,0
T0008491,C024554,26-35,Other,Dallas,New,P9763,Footwear,181.24,40,108.74,1,108.74,Cash,2025-11-30,1,1,0,0
T0055034,C017796,56+,Other,Dallas,Loyal,P3332,Beauty,122.71,20,98.17,1,98.17,PayPal,2025-11-27,18,0,0,0
T0032763,C017111,46-55,Male,Chicago,VIP,P2053,Beauty,155.61,35,101.15,1,101.15,Credit Card,2025-11-25,12,0,0,0
T0047725,C024663,46-55,Female,Dallas,Returning,P7064,Groceries,120.17,10,108.15,2,216.3,Debit Card,2025-11-28,17,0,1,1
T0032874,C027447,56+,Female,Chicago,Loyal,P4686,Home & Kitchen,332.64,15,282.74,3,848.22,Cash,2025-11-29,12,1,0,1
T0031409,C008381,46-55,Other,Atlanta,New,P7058,Accessories,150.53,25,112.9,1,112.9,Cash,2025-11-25,13,0,0,0
T0034815,C015166,26-35,Other,Phoenix,New,P8958,Toys,19.62,20,15.7,2,31.4,PayPal,2025-11-30,19,1,0,0
T0046487,C026145,36-45,Male,Dallas,New,P5071,Toys,47.16,20,37.73,2,75.46,Mobile Wallet,2025-11-26,1,0,0,0
T0059767,C030519,26-35,Other,San Francisco,Returning,P8422,Footwear,228.61,40,137.17,1,137.17,Mobile Wallet,2025-11-29,14,1,0,0
T0013824,C004560,46-55,Male,San Francisco,New,P5225,Beauty,11.55,20,9.24,2,18.48,Debit Card,2025-11-25,19,0,0,0
T0020831,C000249,46-55,Male,Miami,Loyal,P4630,Home & Kitchen,480.11,10,432.1,2,864.2,Gift Card,2025-11-24,16,0,0,1
T0030734,C019029,18-25,Male,Dallas,VIP,P6159,Footwear,114.16,40,68.5,1,68.5,Mobile Wallet,2025-11-24,16,0,0,0
T0040722,C030574,18-25,Female,Los Angeles,New,P4975,Books,16.59,35,10.78,2,21.56,PayPal,2025-12-01,1,0,0,0
T0018155,C020104,26-35,Other,Houston,Returning,P7082,Clothing,242.18,20,193.74,2,387.48,Credit Card,2025-12-01,23,0,0,1
T0024720,C016899,18-25,Other,Los Angeles,Loyal,P3669,Beauty,248.19,20,198.55,2,397.1,Debit Card,2025-11-29,14,1,0,1
T0097214,C017395,36-45,Male,Seattle,New,P6477,Sports,27.71,20,22.17,3,66.51,Mobile Wallet,2025-11-26,19,0,0,0
T0091504,C008932,36-45,Male,San Francisco,New,P4313,Electronics,711.36,5,675.79,1,675.79,Debit Card,2025-11-28,16,0,1,1
T0086803,C033072,26-35,Other,Atlanta,VIP,P9633,Beauty,176.42,35,114.67,2,229.34,Credit Card,2025-11-25,10,0,0,1
T0042297,C034427,26-35,Female,Los Angeles,Returning,P2508,Home & Kitchen,40.72,25,30.54,1,30.54,Debit Card,2025-11-30,11,1,0,0
T0009590,C032606,26-35,Female,Phoenix,New,P2439,Sports,498.98,25,374.24,1,374.24,Cash,2025-12-01,12,0,0,1
T0010377,C021135,56+,Other,Seattle,New,P1053,Beauty,135.04,5,128.29,1,128.29,Credit Card,2025-11-30,9,1,0,0
T0020221,C002292,26-35,Female,Phoenix,Loyal,P8350,Groceries,85.56,15,72.73,1,72.73,Debit Card,2025-11-26,17,0,0,0
T0098552,C025601,26-35,Other,Miami,Returning,P6414,Toys,237.87,25,178.4,2,356.8,Mobile Wallet,2025-11-25,21,0,0,1
T0013693,C001161,46-55,Female,Los Angeles,New,P2555,Footwear,51.37,15,43.66,1,43.66,Mobile Wallet,2025-11-27,14,0,0,0
T0038351,C012242,26-35,Other,Houston,VIP,P8189,Electronics,1758.69,50,879.34,2,1758.68,Debit Card,2025-11-26,2,0,0,1
T0002848,C003634,46-55,Female,Chicago,Loyal,P2121,Books,44.29,20,35.43,1,35.43,PayPal,2025-11-24,9,0,0,0
T0008316,C032685,18-25,Other,Seattle,Loyal,P1209,Toys,23.61,40,14.17,1,14.17,Debit Card,2025-11-25,16,0,0,0
T0035329,C016489,56+,Other,Houston,New,P3949,Beauty,113.18,20,90.54,1,90.54,Cash,2025-11-28,17,0,1,0
T0057993,C018911,56+,Female,San Francisco,Returning,P7429,Groceries,142.78,50,71.39,1,71.39,Debit Card,2025-11-26,20,0,0,0
T0020280,C032176,36-45,Other,New York,Returning,P5269,Sports,301.33,15,256.13,1,256.13,Credit Card,2025-11-25,21,0,0,1
T0040505,C020680,46-55,Other,Phoenix,Loyal,P7016,Sports,49.2,35,31.98,2,63.96,Debit Card,2025-11-24,16,0,0,0
T0089350,C015884,56+,Other,Phoenix,New,P3642,Clothing,295.44,30,206.81,1,206.81,Mobile Wallet,2025-11-26,12,0,0,1
T0042541,C033792,36-45,Other,Houston,VIP,P3991,Clothing,109.52,15,93.09,1,93.09,Cash,2025-11-25,7,0,0,0
T0065362,C024321,46-55,Female,San Francisco,Loyal,P1820,Electronics,528.51,30,369.96,2,739.92,Cash,2025-12-01,18,0,0,1
T0006859,C024729,56+,Male,Miami,Returning,P3076,Books,107.99,5,102.59,1,102.59,Mobile Wallet,2025-11-28,20,0,1,0
T0015592,C001694,36-45,Other,Miami,Returning,P3544,Books,47.51,35,30.88,2,61.76,Mobile Wallet,2025-12-01,14,0,0,0
T0081485,C008998,26-35,Female,Dallas,New,P9528,Home & Kitchen,545.67,35,354.69,1,354.69,Mobile Wallet,2025-11-24,19,0,0,1
T0004467,C031892,26-35,Female,Seattle,Returning,P9480,Groceries,90.01,30,63.01,2,126.02,Gift Card,2025-11-25,3,0,0,0
T0043558,C021686,46-55,Female,Phoenix,New,P3303,Books,95.59,15,81.25,1,81.25,PayPal,2025-11-24,6,0,0,0
T0090826,C029600,18-25,Other,Los Angeles,Loyal,P3410,Clothing,60.16,35,39.1,1,39.1,Gift Card,2025-11-25,11,0,0,0
T0083000,C004847,26-35,Male,Miami,New,P3208,Beauty,16.15,35,10.5,5,52.5,Credit Card,2025-11-24,1,0,0,0
T0002099,C026363,36-45,Other,Seattle,Returning,P5505,Footwear,241.1,40,144.66,1,144.66,Mobile Wallet,2025-12-01,23,0,0,0
T0081232,C017767,56+,Other,Atlanta,VIP,P1051,Electronics,235.7,25,176.77,1,176.77,Cash,2025-11-26,7,0,0,1
T0002136,C019710,56+,Male,Seattle,Returning,P5053,Electronics,2205.4,30,1543.78,4,6175.12,Cash,2025-11-29,3,1,0,1
T0052596,C029636,56+,Male,Atlanta,New,P2957,Clothing,105.3,60,42.12,2,84.24,Debit Card,2025-11-25,4,0,0,0
T0002970,C010330,56+,Male,Atlanta,Returning,P7664,Books,12.8,25,9.6,1,9.6,Credit Card,2025-11-30,4,1,0,0
T0050627,C014444,18-25,Female,New York,New,P6177,Home & Kitchen,740.1,35,481.07,4,1924.28,Mobile Wallet,2025-12-01,11,0,0,1
T0060839,C019105,26-35,Male,Houston,New,P3288,Toys,166.64,25,124.98,1,124.98,Debit Card,2025-11-28,3,0,1,0
T0079942,C007289,36-45,Female,Seattle,New,P2752,Home & Kitchen,404.27,50,202.14,3,606.42,Gift Card,2025-11-27,11,0,0,1
T0071066,C005733,46-55,Male,Dallas,New,P5506,Electronics,1113.96,20,891.17,1,891.17,Gift Card,2025-11-26,23,0,0,1
T0081818,C011855,46-55,Other,Dallas,Loyal,P4574,Beauty,10.64,30,7.45,1,7.45,Debit Card,2025-11-26,8,0,0,0
T0083314,C008379,46-55,Female,Miami,Returning,P1812,Accessories,245.55,10,221.0,2,442.0,Credit Card,2025-11-30,4,1,0,1
T0082001,C007884,46-55,Female,Los Angeles,Returning,P3375,Books,26.44,20,21.15,1,21.15,Cash,2025-11-28,20,0,1,0
T0012404,C012511,36-45,Female,Phoenix,Returning,P2446,Accessories,155.78,25,116.84,1,116.84,Cash,2025-12-01,9,0,0,0
T0083490,C013349,26-35,Female,Seattle,Returning,P7664,Electronics,1254.04,20,1003.23,1,1003.23,Mobile Wallet,2025-11-29,17,1,0,1
T0042876,C011671,56+,Male,Miami,New,P1178,Groceries,16.62,35,10.8,1,10.8,Credit Card,2025-11-27,14,0,0,0
T0041029,C023294,18-25,Other,Los Angeles,New,P4828,Footwear,165.98,15,141.08,2,282.16,Debit Card,2025-11-25,16,0,0,1
T0083030,C003475,18-25,Other,Seattle,New,P3138,Groceries,74.78,30,52.35,1,52.35,Gift Card,2025-11-29,22,1,0,0
T0065966,C030920,18-25,Female,New York,New,P7170,Sports,168.56,20,134.85,1,134.85,PayPal,2025-11-29,19,1,0,0
T0010284,C017691,56+,Male,Dallas,VIP,P7845,Toys,54.72,20,43.78,1,43.78,PayPal,2025-11-28,16,0,1,0
T0090747,C019843,36-45,Other,Atlanta,Loyal,P6012,Sports,253.58,20,202.86,1,202.86,Debit Card,2025-11-29,14,1,0,1
T0030313,C016332,46-55,Other,Chicago,New,P3952,Accessories,393.62,15,334.58,5,1672.9,Cash,2025-12-01,2,0,0,1
T0007357,C012930,18-25,Male,Los Angeles,Returning,P1987,Groceries,158.45,10,142.6,1,142.6,PayPal,2025-11-29,17,1,0,0
T0056975,C016181,26-35,Female,Miami,Loyal,P5778,Beauty,53.92,30,37.74,1,37.74,PayPal,2025-11-24,11,0,0,0
T0088729,C021219,46-55,Other,Seattle,Loyal,P8338,Electronics,371.36,20,297.09,2,594.18,Debit Card,2025-11-27,22,0,0,1
T0024543,C008587,36-45,Male,Dallas,VIP,P5600,Beauty,129.15,40,77.49,1,77.49,Mobile Wallet,2025-11-24,0,0,0,0
T0066245,C003394,18-25,Male,Seattle,New,P4031,Electronics,1916.37,10,1724.73,1,1724.73,PayPal,2025-11-27,8,0,0,1
T0081730,C002945,18-25,Female,Chicago,New,P1884,Beauty,155.75,30,109.02,1,109.02,Cash,2025-11-29,20,1,0,0
T0082083,C015790,18-25,Male,San Francisco,Returning,P8261,Beauty,114.78,25,86.08,1,86.08,Mobile Wallet,2025-12-01,7,0,0,0
T0021856,C023524,18-25,Other,Houston,Loyal,P4313,Footwear,265.41,20,212.33,1,212.33,Cash,2025-11-26,17,0,0,1
T0099161,C003517,46-55,Male,Chicago,New,P8702,Electronics,217.67,20,174.14,3,522.42,Cash,2025-11-25,17,0,0,1
T0049461,C007995,56+,Female,Dallas,Returning,P6032,Toys,16.35,50,8.18,1,8.18,Cash,2025-11-25,6,0,0,0
T0030970,C020422,56+,Other,Houston,Returning,P1113,Electronics,354.82,20,283.86,1,283.86,Debit Card,2025-11-24,5,0,0,1
T0020802,C025089,46-55,Female,San Francisco,New,P4866,Toys,207.62,35,134.95,5,674.75,Debit Card,2025-12-01,0,0,0,1
T0023103,C026123,36-45,Female,Los Angeles,Loyal,P6253,Beauty,115.14,40,69.08,1,69.08,Cash,2025-11-30,14,1,0,0
T0055680,C023056,18-25,Male,Los Angeles,New,P4470,Beauty,128.37,20,102.7,1,102.7,Debit Card,2025-11-29,10,1,0,0
T0058954,C011841,18-25,Other,Houston,New,P4203,Beauty,241.6,35,157.04,2,314.08,Mobile Wallet,2025-12-01,13,0,0,1
T0004933,C031973,18-25,Male,Dallas,Loyal,P7333,Accessories,301.14,15,255.97,1,255.97,Credit Card,2025-11-28,12,0,1,1
T0015178,C017315,26-35,Male,New York,New,P9307,Sports,591.51,20,473.21,1,473.21,Cash,2025-11-28,3,0,1,1
T0097738,C020418,56+,Other,Phoenix,New,P7493,Electronics,587.6,15,499.46,1,499.46,Cash,2025-11-28,11,0,1,1
T0095664,C001168,18-25,Male,San Francisco,Returning,P4415,Sports,143.29,30,100.3,1,100.3,Gift Card,2025-11-27,8,0,0,0
T0003020,C025083,46-55,Female,Chicago,New,P1863,Accessories,310.88,10,279.79,1,279.79,Mobile Wallet,2025-11-25,17,0,0,1
T0093243,C031737,26-35,Other,Houston,Returning,P4715,Beauty,64.07,25,48.05,1,48.05,Gift Card,2025-11-30,18,1,0,0
T0082617,C001714,56+,Male,Los Angeles,Loyal,P4957,Footwear,219.67,20,175.74,1,175.74,Mobile Wallet,2025-11-30,3,1,0,1
T0078266,C033887,18-25,Male,Phoenix,Returning,P1212,Toys,232.22,20,185.78,2,371.56,Debit Card,2025-11-30,14,1,0,1
T0028574,C007464,36-45,Male,New York,New,P3021,Sports,585.49,50,292.74,2,585.48,Cash,2025-11-26,23,0,0,1
T0060661,C026544,36-45,Female,San Francisco,Returning,P9975,Sports,244.45,5,232.23,2,464.46,Debit Card,2025-12-01,20,0,0,1
T0095117,C023977,36-45,Male,Los Angeles,Returning,P4011,Books,102.17,10,91.95,1,91.95,Cash,2025-12-01,7,0,0,0
T0015793,C014793,36-45,Male,Chicago,Returning,P1031,Beauty,21.52,50,10.76,1,10.76,Debit Card,2025-11-26,15,0,0,0
T0022141,C022209,46-55,Female,Atlanta,New,P5105,Clothing,100.43,20,80.34,1,80.34,Gift Card,2025-11-24,19,0,0,0
T0050963,C006816,46-55,Female,Atlanta,Loyal,P1483,Clothing,220.69,10,198.62,3,595.86,Mobile Wallet,2025-11-28,20,0,1,1
T0026265,C001887,46-55,Female,Atlanta,Loyal,P5827,Footwear,278.99,25,209.24,2,418.48,Gift Card,2025-12-01,1,0,0,1
T0006311,C019672,36-45,Male,Dallas,Loyal,P8180,Home & Kitchen,451.0,30,315.7,1,315.7,Cash,2025-11-30,15,1,0,1
T0087267,C002287,36-45,Female,Houston,New,P9231,Books,76.07,20,60.86,2,121.72,Debit Card,2025-11-28,16,0,1,0
T0089478,C002169,56+,Other,Los Angeles,Returning,P3079,Clothing,32.73,35,21.27,1,21.27,Cash,2025-11-28,14,0,1,0
T0086872,C009590,18-25,Female,Phoenix,New,P7567,Sports,56.9,25,42.68,1,42.68,Cash,2025-11-27,20,0,0,0
T0067686,C007635,26-35,Female,Atlanta,New,P6631,Books,51.09,25,38.32,1,38.32,PayPal,2025-12-01,6,0,0,0
T0072483,C019716,36-45,Male,Atlanta,New,P1140,Clothing,72.73,30,50.91,1,50.91,Debit Card,2025-11-27,14,0,0,0
T0049063,C006287,56+,Male,Los Angeles,Returning,P7547,Toys,217.69,40,130.61,1,130.61,Mobile Wallet,2025-11-26,20,0,0,0
T0068899,C029202,18-25,Female,Los Angeles,Loyal,P1031,Clothing,202.1,30,141.47,1,141.47,Credit Card,2025-11-24,5,0,0,0
T0009773,C010660,26-35,Female,Chicago,Loyal,P7568,Toys,74.73,40,44.84,4,179.36,PayPal,2025-11-27,4,0,0,1
T0067227,C006397,18-25,Other,Houston,Returning,P2102,Footwear,203.85,35,132.5,1,132.5,Cash,2025-11-28,17,0,1,0
T0046012,C025420,56+,Male,Seattle,Loyal,P2040,Accessories,283.48,40,170.09,2,340.18,Mobile Wallet,2025-11-26,3,0,0,1
T0057194,C004456,56+,Other,Miami,Returning,P5414,Home & Kitchen,38.13,10,34.32,1,34.32,Cash,2025-11-27,14,0,0,0
T0035815,C011590,36-45,Other,Phoenix,VIP,P5196,Books,38.97,50,19.48,1,19.48,Mobile Wallet,2025-11-28,7,0,1,0
T0019643,C024160,18-25,Female,New York,Loyal,P5340,Beauty,213.13,35,138.53,4,554.12,Debit Card,2025-11-26,0,0,0,1
T0073345,C016007,56+,Other,Houston,Loyal,P1523,Groceries,12.82,30,8.97,1,8.97,Gift Card,2025-11-26,21,0,0,0
T0011782,C000760,56+,Male,Atlanta,Loyal,P7656,Books,110.18,35,71.62,2,143.24,Debit Card,2025-11-29,12,1,0,0
T0059978,C001209,46-55,Male,New York,Returning,P8642,Footwear,129.14,50,64.57,1,64.57,Cash,2025-11-28,14,0,1,0
T0000253,C007857,46-55,Other,San Francisco,New,P5010,Toys,257.23,10,231.51,1,231.51,Credit Card,2025-11-25,0,0,0,1
T0065670,C033504,36-45,Other,Seattle,Loyal,P9604,Electronics,558.8,15,474.98,1,474.98,PayPal,2025-12-01,18,0,0,1
T0038992,C022079,26-35,Other,Phoenix,Loyal,P7168,Footwear,39.04,50,19.52,1,19.52,Mobile Wallet,2025-11-30,12,1,0,0
T0090871,C022300,18-25,Other,Los Angeles,Loyal,P1458,Groceries,123.13,30,86.19,1,86.19,Gift Card,2025-11-24,10,0,0,0
T0055289,C012782,46-55,Female,San Francisco,Returning,P2474,Clothing,188.82,25,141.62,1,141.62,Credit Card,2025-11-24,7,0,0,0
T0048301,C007778,36-45,Male,Seattle,Returning,P9246,Accessories,108.99,5,103.54,1,103.54,Credit Card,2025-11-24,10,0,0,0
T0086520,C015204,26-35,Female,Seattle,Returning,P1723,Electronics,1419.11,10,1277.2,1,1277.2,Debit Card,2025-11-30,8,1,0,1
T0033451,C009351,56+,Male,Phoenix,Loyal,P5067,Toys,160.37,40,96.22,1,96.22,Credit Card,2025-11-24,1,0,0,0
T0072517,C002763,18-25,Other,San Francisco,Returning,P5419,Accessories,265.2,35,172.38,1,172.38,Cash,2025-11-30,17,1,0,1
T0070096,C019931,36-45,Male,Houston,Returning,P3455,Groceries,143.38,25,107.54,1,107.54,Credit Card,2025-11-27,4,0,0,0
T0053329,C007703,56+,Male,Atlanta,New,P1277,Sports,96.31,10,86.68,1,86.68,PayPal,2025-11-26,21,0,0,0
T0051468,C003697,56+,Other,Los Angeles,Loyal,P1975,Beauty,111.17,15,94.49,1,94.49,Cash,2025-11-27,0,0,0,0
T0093074,C013139,46-55,Male,Seattle,Loyal,P3830,Books,19.83,20,15.86,2,31.72,PayPal,2025-11-27,19,0,0,0
T0054241,C024812,56+,Other,Houston,Returning,P8867,Home & Kitchen,600.4,40,360.24,1,360.24,Gift Card,2025-11-26,5,0,0,1
T0032608,C018425,56+,Other,Miami,Returning,P1466,Books,113.22,25,84.92,1,84.92,Mobile Wallet,2025-11-30,10,1,0,0
T0098173,C005486,36-45,Other,San Francisco,New,P2120,Beauty,20.63,30,14.44,1,14.44,Debit Card,2025-11-25,4,0,0,0
T0092920,C022972,46-55,Female,Seattle,Loyal,P9665,Home & Kitchen,117.29,20,93.83,1,93.83,Gift Card,2025-12-01,20,0,0,0
T0079820,C030612,26-35,Female,San Francisco,New,P9849,Electronics,762.92,40,457.75,1,457.75,Credit Card,2025-11-28,20,0,1,1
T0066981,C032316,26-35,Female,San Francisco,New,P6030,Sports,458.52,10,412.67,3,1238.01,Credit Card,2025-11-30,11,1,0,1
T0059239,C029074,18-25,Female,Chicago,New,P6786,Clothing,205.56,5,195.28,1,195.28,Credit Card,2025-11-30,4,1,0,1
T0081235,C034121,18-25,Male,Phoenix,Loyal,P1131,Sports,147.83,15,125.66,1,125.66,Cash,2025-11-29,1,1,0,0
T0018486,C023900,56+,Other,Atlanta,Loyal,P5820,Beauty,243.18,25,182.38,1,182.38,Debit Card,2025-11-30,22,1,0,1
T0014324,C033518,36-45,Female,Phoenix,Returning,P3262,Groceries,12.7,35,8.25,1,8.25,Mobile Wallet,2025-11-26,9,0,0,0
T0024906,C014101,36-45,Male,Chicago,Loyal,P5254,Clothing,104.15,20,83.32,1,83.32,Credit Card,2025-11-25,5,0,0,0
T0021367,C029530,36-45,Female,New York,Returning,P2226,Toys,108.21,25,81.16,3,243.48,Credit Card,2025-11-24,2,0,0,1
T0086161,C014760,36-45,Male,Seattle,Loyal,P7739,Footwear,132.68,35,86.24,1,86.24,Debit Card,2025-11-28,14,0,1,0
T0058500,C034425,36-45,Male,Miami,New,P3977,Beauty,100.63,30,70.44,1,70.44,Credit Card,2025-12-01,12,0,0,0
T0064677,C030446,26-35,Female,Atlanta,Loyal,P3888,Sports,107.32,20,85.86,1,85.86,Debit Card,2025-11-24,16,0,0,0
T0081640,C010056,56+,Female,Seattle,Loyal,P4290,Electronics,1028.44,30,719.91,1,719.91,Mobile Wallet,2025-11-24,14,0,0,1
T0009523,C018495,18-25,Female,New York,Loyal,P7437,Books,96.97,40,58.18,2,116.36,PayPal,2025-11-29,16,1,0,0
T0014654,C009165,56+,Other,Atlanta,New,P2631,Clothing,288.22,30,201.75,4,807.0,Cash,2025-11-27,17,0,0,1
T0061200,C013829,56+,Female,Atlanta,Returning,P8369,Toys,18.06,15,15.35,1,15.35,Cash,2025-11-27,15,0,0,0
T0069854,C012424,56+,Other,Seattle,New,P1353,Sports,486.78,25,365.08,1,365.08,Cash,2025-11-27,17,0,0,1
T0014900,C020272,18-25,Female,Dallas,Returning,P9181,Beauty,206.65,35,134.32,1,134.32,Mobile Wallet,2025-11-25,3,0,0,0
T0006655,C018833,36-45,Male,Seattle,New,P1124,Footwear,170.03,20,136.02,1,136.02,Mobile Wallet,2025-11-26,11,0,0,0
T0028858,C032858,26-35,Female,Los Angeles,VIP,P1255,Sports,137.33,35,89.26,2,178.52,PayPal,2025-11-29,3,1,0,1
T0004255,C031620,18-25,Female,San Francisco,New,P9547,Toys,172.64,35,112.22,3,336.66,Mobile Wallet,2025-11-25,19,0,0,1
T0095436,C013892,46-55,Other,San Francisco,New,P5952,Home & Kitchen,584.56,5,555.33,1,555.33,Gift Card,2025-11-30,9,1,0,1
T0054828,C001412,18-25,Male,Houston,Loyal,P1111,Accessories,233.78,40,140.27,1,140.27,Mobile Wallet,2025-11-25,18,0,0,0
T0001502,C001333,46-55,Other,Phoenix,New,P2053,Beauty,96.57,15,82.08,1,82.08,PayPal,2025-11-29,20,1,0,0
T0024986,C027807,18-25,Female,Los Angeles,New,P1402,Home & Kitchen,976.32,15,829.87,1,829.87,PayPal,2025-11-24,8,0,0,1
T0023184,C004340,56+,Female,Houston,Loyal,P2845,Toys,134.27,25,100.7,1,100.7,Mobile Wallet,2025-11-25,21,0,0,0
T0031025,C027110,26-35,Female,Phoenix,Returning,P4773,Groceries,25.57,20,20.46,1,20.46,Cash,2025-12-01,2,0,0,0
T0090288,C003896,26-35,Female,Phoenix,VIP,P7370,Books,9.0,50,4.5,1,4.5,Debit Card,2025-11-24,0,0,0,0
T0019892,C021476,18-25,Female,New York,Returning,P3909,Groceries,8.45,40,5.07,1,5.07,Debit Card,2025-11-27,11,0,0,0
T0003365,C030424,46-55,Male,Miami,New,P1522,Toys,128.74,20,102.99,5,514.95,Credit Card,2025-12-01,3,0,0,1
T0007861,C030575,46-55,Male,Dallas,Returning,P8562,Accessories,206.79,25,155.09,1,155.09,PayPal,2025-11-24,20,0,0,0
T0070366,C029913,56+,Female,Dallas,Loyal,P4848,Books,62.61,10,56.35,1,56.35,Gift Card,2025-12-01,20,0,0,0
T0096300,C001255,26-35,Male,Miami,Returning,P6453,Sports,357.58,30,250.31,1,250.31,Gift Card,2025-11-26,23,0,0,1
T0056542,C026421,18-25,Male,Dallas,Returning,P1202,Electronics,374.48,50,187.24,1,187.24,Debit Card,2025-11-30,6,1,0,1
T0090529,C030992,46-55,Other,Seattle,New,P8479,Groceries,167.01,15,141.96,1,141.96,Mobile Wallet,2025-11-25,9,0,0,0
T0022376,C023888,46-55,Male,San Francisco,New,P9995,Footwear,298.15,50,149.07,1,149.07,Cash,2025-11-30,13,1,0,0
T0016908,C016365,36-45,Other,Phoenix,New,P2809,Toys,255.54,25,191.66,1,191.66,Debit Card,2025-12-01,9,0,0,1
T0089241,C022840,46-55,Male,Atlanta,VIP,P4488,Clothing,118.45,30,82.92,1,82.92,Mobile Wallet,2025-11-28,20,0,1,0
T0021356,C006269,18-25,Male,Chicago,Returning,P8696,Clothing,145.84,15,123.96,3,371.88,Mobile Wallet,2025-11-24,21,0,0,1
T0028644,C022127,56+,Other,Atlanta,VIP,P4227,Toys,233.09,20,186.47,1,186.47,Mobile Wallet,2025-12-01,8,0,0,1
T0076730,C024122,26-35,Female,Phoenix,Returning,P4041,Sports,28.37,50,14.18,4,56.72,Debit Card,2025-12-01,19,0,0,0
T0014460,C020218,26-35,Female,Seattle,VIP,P4996,Footwear,284.22,20,227.38,4,909.52,Cash,2025-11-28,0,0,1,1
T0059013,C024000,36-45,Male,San Francisco,New,P8947,Footwear,163.01,30,114.11,1,114.11,Cash,2025-11-25,17,0,0,0
T0029328,C032039,36-45,Male,Los Angeles,Returning,P5010,Books,22.44,35,14.59,1,14.59,PayPal,2025-11-28,3,0,1,0
T0011568,C005664,56+,Male,New York,Loyal,P6817,Books,73.21,10,65.89,1,65.89,Credit Card,2025-11-25,3,0,0,0
T0078025,C024310,56+,Male,Houston,New,P5678,Home & Kitchen,543.96,50,271.98,2,543.96,PayPal,2025-11-30,4,1,0,1
T0051870,C013939,46-55,Other,Atlanta,Loyal,P2800,Home & Kitchen,607.45,5,577.08,1,577.08,Debit Card,2025-11-28,15,0,1,1
T0093993,C032069,56+,Female,Miami,Loyal,P7916,Accessories,316.45,25,237.34,2,474.68,Credit Card,2025-11-27,15,0,0,1
T0031992,C009668,36-45,Other,New York,New,P7759,Electronics,1653.25,35,1074.61,2,2149.22,Cash,2025-11-28,20,0,1,1
T0033099,C029676,18-25,Male,Houston,Returning,P9443,Books,26.65,35,17.32,1,17.32,Debit Card,2025-11-26,21,0,0,0
T0048428,C011386,46-55,Male,Dallas,Returning,P9830,Electronics,1122.38,15,954.02,2,1908.04,Debit Card,2025-11-27,13,0,0,1
T0064830,C033971,36-45,Female,Los Angeles,Returning,P8162,Clothing,62.86,40,37.72,1,37.72,Mobile Wallet,2025-12-01,18,0,0,0
T0054559,C011351,56+,Male,Phoenix,Returning,P1687,Clothing,69.56,30,48.69,1,48.69,Gift Card,2025-11-27,14,0,0,0
T0032720,C029824,56+,Other,Atlanta,Loyal,P7702,Footwear,153.66,25,115.24,1,115.24,Gift Card,2025-11-30,21,1,0,0
T0030069,C030628,36-45,Male,Chicago,Loyal,P8877,Clothing,237.28,15,201.69,1,201.69,Cash,2025-11-29,23,1,0,1
T0012290,C020667,46-55,Male,Atlanta,New,P8527,Toys,161.45,20,129.16,1,129.16,Gift Card,2025-11-24,2,0,0,0
T0017607,C014251,36-45,Other,Houston,Loyal,P9568,Sports,232.01,20,185.61,1,185.61,Debit Card,2025-11-28,5,0,1,1
T0078613,C016192,56+,Other,Houston,Loyal,P7963,Books,67.61,30,47.33,3,141.99,Gift Card,2025-11-26,15,0,0,0
T0090550,C028254,56+,Other,San Francisco,New,P1456,Accessories,389.09,25,291.82,1,291.82,Debit Card,2025-11-28,0,0,1,1
T0059710,C010249,18-25,Male,Atlanta,Returning,P4796,Groceries,120.84,30,84.59,2,169.18,Gift Card,2025-11-25,0,0,0,1
T0006863,C014989,26-35,Other,Miami,Returning,P4888,Electronics,2212.94,10,1991.65,1,1991.65,Gift Card,2025-11-28,21,0,1,1
T0039123,C023589,18-25,Other,Seattle,Returning,P4696,Footwear,68.43,35,44.48,1,44.48,PayPal,2025-11-26,20,0,0,0
T0098234,C012308,46-55,Female,New York,New,P5095,Electronics,230.39,30,161.27,1,161.27,Mobile Wallet,2025-11-26,3,0,0,1
T0056953,C023908,46-55,Female,Los Angeles,Loyal,P9686,Beauty,14.44,25,10.83,3,32.49,PayPal,2025-11-30,17,1,0,0
T0028794,C027055,26-35,Male,Seattle,New,P1574,Sports,567.01,35,368.56,2,737.12,Credit Card,2025-11-26,8,0,0,1
T0054989,C021357,46-55,Female,Chicago,VIP,P3670,Accessories,183.49,30,128.44,1,128.44,Debit Card,2025-11-25,8,0,0,0
T0033037,C005820,26-35,Male,Miami,VIP,P9104,Sports,47.64,5,45.26,1,45.26,Cash,2025-11-25,20,0,0,0
T0004780,C012558,26-35,Male,Chicago,New,P8327,Sports,53.32,30,37.32,1,37.32,Mobile Wallet,2025-12-01,23,0,0,0
T0084827,C021303,18-25,Other,Miami,Returning,P9243,Footwear,34.97,40,20.98,1,20.98,Gift Card,2025-11-28,22,0,1,0
T0060453,C034962,56+,Male,Houston,New,P5969,Groceries,32.76,30,22.93,1,22.93,Cash,2025-11-25,13,0,0,0
T0052797,C002469,26-35,Male,Seattle,New,P1925,Electronics,2355.37,5,2237.6,2,4475.2,Credit Card,2025-11-27,0,0,0,1
T0040273,C005930,56+,Female,Dallas,New,P5938,Toys,67.03,20,53.62,3,160.86,Gift Card,2025-11-26,8,0,0,0
T0083243,C017794,26-35,Male,Chicago,Returning,P6983,Electronics,1870.82,25,1403.12,1,1403.12,Gift Card,2025-11-30,17,1,0,1
T0066063,C033311,46-55,Male,Atlanta,Loyal,P7398,Books,24.96,15,21.22,1,21.22,Credit Card,2025-11-27,22,0,0,0
T0014046,C022391,26-35,Female,Miami,New,P5115,Accessories,368.34,30,257.84,1,257.84,Credit Card,2025-11-30,12,1,0,1
T0071645,C014603,46-55,Female,Dallas,New,P4067,Clothing,30.1,40,18.06,1,18.06,Debit Card,2025-11-29,8,1,0,0
T0068177,C020824,18-25,Male,Seattle,New,P5364,Electronics,890.57,35,578.87,1,578.87,Credit Card,2025-11-29,15,1,0,1
T0092120,C003868,36-45,Female,Seattle,VIP,P5818,Toys,145.03,35,94.27,5,471.35,Cash,2025-11-24,9,0,0,1
T0032553,C022899,36-45,Female,Chicago,Returning,P5184,Sports,449.02,35,291.86,1,291.86,Gift Card,2025-11-28,20,0,1,1
T0091255,C034839,46-55,Male,Miami,New,P3515,Electronics,1517.39,25,1138.04,1,1138.04,Debit Card,2025-11-27,17,0,0,1
T0078261,C008806,56+,Male,Chicago,New,P6162,Clothing,200.91,40,120.55,1,120.55,Mobile Wallet,2025-12-01,8,0,0,0
T0068559,C027824,56+,Female,Miami,New,P6478,Electronics,1089.66,25,817.25,4,3269.0,Debit Card,2025-11-29,11,1,0,1
T0035191,C015327,56+,Male,Phoenix,New,P1630,Clothing,163.45,20,130.76,1,130.76,Cash,2025-12-01,18,0,0,0
T0061008,C011792,26-35,Other,San Francisco,VIP,P7210,Toys,260.61,35,169.4,1,169.4,Mobile Wallet,2025-12-01,13,0,0,1
T0086506,C032607,26-35,Male,Houston,VIP,P6718,Beauty,151.42,35,98.42,2,196.84,Mobile Wallet,2025-11-24,14,0,0,1
T0025480,C008920,46-55,Female,Houston,Returning,P1114,Toys,258.73,35,168.17,1,168.17,Cash,2025-11-30,8,1,0,1
T0035620,C031615,18-25,Other,San Francisco,New,P6599,Books,85.46,40,51.28,1,51.28,PayPal,2025-11-27,14,0,0,0
T0006961,C017286,18-25,Other,New York,Loyal,P5649,Groceries,133.47,50,66.74,1,66.74,Mobile Wallet,2025-11-26,11,0,0,0
T0044135,C019226,18-25,Female,Los Angeles,New,P8650,Sports,533.27,20,426.62,1,426.62,Debit Card,2025-11-24,14,0,0,1
T0094518,C020018,18-25,Other,Phoenix,New,P7803,Accessories,305.09,25,228.82,2,457.64,Mobile Wallet,2025-11-27,8,0,0,1
T0077803,C001707,36-45,Female,Los Angeles,Returning,P1565,Beauty,150.21,30,105.15,1,105.15,Cash,2025-11-24,3,0,0,0
T0045633,C020877,46-55,Male,Miami,Returning,P6762,Books,85.51,35,55.58,2,111.16,Gift Card,2025-11-25,17,0,0,0
T0022509,C025076,46-55,Female,Miami,Returning,P4604,Electronics,2299.26,50,1149.63,1,1149.63,PayPal,2025-11-27,0,0,0,1
T0020040,C032131,18-25,Female,New York,Loyal,P5194,Electronics,2289.53,20,1831.62,2,3663.24,Gift Card,2025-11-30,12,1,0,1
T0009856,C010031,18-25,Male,Dallas,Returning,P9900,Books,44.76,20,35.81,1,35.81,Cash,2025-11-27,11,0,0,0
T0025691,C027808,56+,Other,Miami,Loyal,P6202,Sports,190.39,25,142.79,1,142.79,Mobile Wallet,2025-11-25,0,0,0,0
T0088901,C009824,36-45,Other,Phoenix,Loyal,P1650,Toys,57.33,5,54.46,1,54.46,Debit Card,2025-11-26,14,0,0,0
T0035075,C029299,36-45,Male,Los Angeles,New,P8619,Sports,581.44,5,552.37,2,1104.74,PayPal,2025-12-01,22,0,0,1
T0046307,C020066,46-55,Female,New York,Loyal,P5214,Beauty,13.04,60,5.22,1,5.22,Cash,2025-11-25,0,0,0,0
T0018684,C016131,36-45,Male,Miami,VIP,P6558,Groceries,70.06,20,56.05,1,56.05,Mobile Wallet,2025-12-01,19,0,0,0
T0094180,C006122,18-25,Other,Atlanta,Loyal,P1507,Clothing,69.26,30,48.48,1,48.48,Credit Card,2025-11-27,12,0,0,0
T0090096,C021731,46-55,Male,Atlanta,New,P2428,Groceries,122.57,40,73.54,1,73.54,PayPal,2025-11-24,13,0,0,0
T0010708,C003001,56+,Female,San Francisco,Loyal,P8743,Sports,266.87,50,133.44,1,133.44,Gift Card,2025-12-01,20,0,0,0
T0004464,C033883,56+,Male,Los Angeles,Loyal,P7465,Sports,552.98,20,442.38,1,442.38,Cash,2025-11-26,11,0,0,1
T0007052,C007904,26-35,Female,Seattle,Loyal,P6934,Toys,218.1,30,152.67,1,152.67,Gift Card,2025-11-25,3,0,0,0
T0041630,C026600,26-35,Female,Los Angeles,New,P4443,Groceries,10.32,15,8.77,1,8.77,Mobile Wallet,2025-11-24,2,0,0,0
T0027778,C015199,18-25,Other,Dallas,Loyal,P5636,Beauty,117.5,5,111.62,1,111.62,Mobile Wallet,2025-12-01,10,0,0,0
T0078910,C025259,26-35,Other,Phoenix,New,P8581,Sports,271.12,15,230.45,1,230.45,Gift Card,2025-11-29,8,1,0,1
T0065628,C023626,36-45,Male,San Francisco,Loyal,P9211,Home & Kitchen,227.1,10,204.39,3,613.17,Credit Card,2025-11-29,3,1,0,1
T0081400,C006021,18-25,Male,Dallas,New,P6980,Groceries,15.66,20,12.53,2,25.06,Debit Card,2025-11-26,15,0,0,0
T0057343,C004367,18-25,Female,New York,VIP,P4879,Toys,222.35,40,133.41,1,133.41,Gift Card,2025-11-28,15,0,1,0
T0004980,C013357,36-45,Male,Seattle,New,P8921,Footwear,344.57,35,223.97,2,447.94,Gift Card,2025-11-26,21,0,0,1
T0066911,C013700,26-35,Other,Miami,New,P1716,Home & Kitchen,96.5,20,77.2,1,77.2,PayPal,2025-11-30,21,1,0,0
T0093909,C011240,26-35,Male,Los Angeles,Loyal,P8635,Beauty,172.84,20,138.27,1,138.27,Gift Card,2025-11-27,21,0,0,0
T0039069,C032750,26-35,Female,Atlanta,New,P9683,Footwear,191.04,10,171.94,1,171.94,Cash,2025-11-26,22,0,0,1
T0011181,C021181,26-35,Other,Atlanta,Loyal,P5330,Groceries,156.61,25,117.46,2,234.92,Cash,2025-11-28,6,0,1,1
T0073576,C022893,18-25,Male,Los Angeles,New,P9237,Beauty,142.3,10,128.07,2,256.14,Gift Card,2025-12-01,1,0,0,1
T0020477,C019211,18-25,Female,Chicago,Returning,P4536,Home & Kitchen,728.35,25,546.26,2,1092.52,Gift Card,2025-11-28,9,0,1,1
T0075281,C015885,36-45,Other,Miami,Loyal,P5399,Beauty,25.37,25,19.03,2,38.06,Credit Card,2025-11-25,18,0,0,0
T0010468,C019656,36-45,Male,Atlanta,Loyal,P3548,Electronics,1521.98,30,1065.39,1,1065.39,PayPal,2025-11-25,7,0,0,1
T0005573,C028622,36-45,Male,Los Angeles,New,P4160,Books,99.87,60,39.95,1,39.95,Debit Card,2025-11-24,14,0,0,0
T0041159,C019638,18-25,Other,Los Angeles,Returning,P5941,Footwear,90.22,25,67.66,2,135.32,Cash,2025-11-27,8,0,0,0
T0054058,C028421,56+,Female,Seattle,New,P2489,Accessories,400.22,50,200.11,1,200.11,PayPal,2025-11-27,8,0,0,1
T0041863,C018429,36-45,Other,Seattle,New,P4165,Accessories,90.27,25,67.7,1,67.7,Credit Card,2025-11-25,23,0,0,0
T0089794,C015936,46-55,Female,Dallas,Loyal,P2867,Beauty,51.09,30,35.76,1,35.76,Mobile Wallet,2025-11-29,9,1,0,0
T0078401,C000130,56+,Female,Los Angeles,VIP,P3219,Groceries,196.27,25,147.2,3,441.6,Credit Card,2025-11-29,13,1,0,1
T0044976,C016329,56+,Male,San Francisco,New,P7179,Accessories,38.33,20,30.66,1,30.66,Credit Card,2025-11-30,15,1,0,0
T0039566,C002716,46-55,Male,Atlanta,Loyal,P9110,Toys,32.19,35,20.92,1,20.92,Mobile Wallet,2025-11-29,0,1,0,0
T0004082,C032911,46-55,Male,New York,Returning,P1999,Groceries,180.29,30,126.2,1,126.2,PayPal,2025-11-27,6,0,0,0
T0077555,C028095,36-45,Other,San Francisco,New,P7558,Toys,67.69,30,47.38,1,47.38,PayPal,2025-11-25,3,0,0,0
T0011147,C031789,18-25,Other,New York,New,P6786,Toys,86.21,60,34.48,1,34.48,PayPal,2025-11-25,6,0,0,0
T0028109,C009835,18-25,Male,Phoenix,Loyal,P2724,Beauty,179.94,25,134.95,1,134.95,Credit Card,2025-11-26,16,0,0,0
T0033168,C027414,36-45,Other,New York,Loyal,P4973,Footwear,202.09,10,181.88,1,181.88,Cash,2025-11-26,9,0,0,1
T0017119,C001798,18-25,Other,Dallas,Returning,P1698,Electronics,2135.31,30,1494.72,1,1494.72,PayPal,2025-11-27,10,0,0,1
T0003115,C022057,26-35,Male,Seattle,New,P5538,Groceries,139.87,30,97.91,1,97.91,Debit Card,2025-11-28,14,0,1,0
T0043016,C026790,18-25,Other,Seattle,Returning,P3531,Groceries,64.27,20,51.42,4,205.68,Credit Card,2025-11-24,17,0,0,1
T0009200,C033652,26-35,Male,Los Angeles,New,P1127,Sports,527.21,30,369.05,1,369.05,PayPal,2025-11-26,6,0,0,1
T0015265,C003052,36-45,Male,Dallas,Returning,P9171,Footwear,232.61,30,162.83,1,162.83,Credit Card,2025-11-28,3,0,1,1
T0057564,C033565,18-25,Female,Miami,Returning,P2017,Toys,65.5,10,58.95,1,58.95,Credit Card,2025-11-25,9,0,0,0
T0040651,C001000,18-25,Male,Seattle,Returning,P7786,Sports,282.47,30,197.73,1,197.73,Gift Card,2025-11-25,21,0,0,1
T0042879,C019907,46-55,Male,Dallas,New,P6804,Home & Kitchen,66.1,40,39.66,2,79.32,Debit Card,2025-11-26,19,0,0,0
T0095195,C029272,46-55,Male,New York,New,P5301,Home & Kitchen,1094.56,40,656.74,1,656.74,Gift Card,2025-11-29,6,1,0,1
T0075680,C028782,36-45,Female,Houston,Returning,P1522,Sports,193.81,10,174.43,2,348.86,PayPal,2025-11-25,1,0,0,1
T0082276,C002435,46-55,Other,Chicago,Loyal,P5029,Beauty,232.97,10,209.67,1,209.67,Debit Card,2025-12-01,1,0,0,1
T0090578,C004134,36-45,Female,Seattle,Returning,P2689,Sports,290.38,35,188.75,1,188.75,Mobile Wallet,2025-12-01,15,0,0,1
T0089274,C007235,56+,Other,Dallas,Returning,P6609,Footwear,184.33,35,119.81,1,119.81,Credit Card,2025-11-29,17,1,0,0
T0022512,C002616,46-55,Female,Houston,Returning,P7775,Toys,157.51,40,94.51,1,94.51,Mobile Wallet,2025-11-25,1,0,0,0
T0086258,C014103,26-35,Female,Dallas,New,P9042,Clothing,77.69,40,46.61,2,93.22,Gift Card,2025-11-29,6,1,0,0
T0059137,C002454,46-55,Male,Houston,New,P3586,Clothing,121.1,35,78.72,1,78.72,PayPal,2025-11-27,1,0,0,0
T0018700,C018831,26-35,Male,Seattle,Returning,P6115,Toys,171.25,20,137.0,1,137.0,Debit Card,2025-11-27,20,0,0,0
T0050657,C008435,18-25,Male,Dallas,Returning,P1519,Books,111.81,10,100.63,1,100.63,Credit Card,2025-12-01,0,0,0,0
T0076558,C020046,26-35,Male,Houston,Loyal,P8032,Sports,531.88,25,398.91,2,797.82,Gift Card,2025-11-24,21,0,0,1
T0020160,C028828,46-55,Male,Chicago,Returning,P9914,Home & Kitchen,141.89,25,106.42,1,106.42,Debit Card,2025-11-30,15,1,0,0
T0075492,C025934,26-35,Male,Los Angeles,Returning,P3906,Accessories,113.88,20,91.1,1,91.1,Mobile Wallet,2025-11-30,12,1,0,0
T0087195,C021301,18-25,Male,Miami,New,P2051,Beauty,241.37,15,205.16,2,410.32,PayPal,2025-11-24,8,0,0,1
T0023615,C027230,46-55,Male,Dallas,New,P9719,Toys,35.76,5,33.97,4,135.88,Gift Card,2025-11-30,10,1,0,0
T0016685,C017108,26-35,Male,Dallas,VIP,P6645,Toys,59.35,20,47.48,1,47.48,Cash,2025-11-24,13,0,0,0
T0022446,C008433,18-25,Male,Seattle,Loyal,P5689,Clothing,230.14,35,149.59,1,149.59,Mobile Wallet,2025-11-30,2,1,0,0
T0041182,C030288,18-25,Other,Dallas,New,P4374,Electronics,1307.48,15,1111.36,1,1111.36,PayPal,2025-11-27,8,0,0,1
T0000306,C006049,26-35,Female,Atlanta,Returning,P9867,Electronics,2443.5,30,1710.45,1,1710.45,PayPal,2025-11-25,4,0,0,1
T0080809,C031049,46-55,Female,Houston,Loyal,P6161,Home & Kitchen,246.05,25,184.54,2,369.08,Mobile Wallet,2025-11-28,3,0,1,1
T0032026,C017839,18-25,Female,Phoenix,New,P8591,Toys,212.66,30,148.86,2,297.72,Credit Card,2025-11-30,6,1,0,1
T0037271,C000370,36-45,Female,Chicago,VIP,P8864,Groceries,13.52,15,11.49,1,11.49,Credit Card,2025-11-28,1,0,1,0
T0070531,C019304,56+,Female,Houston,Returning,P4108,Beauty,175.16,50,87.58,1,87.58,Debit Card,2025-11-26,23,0,0,0
T0053631,C033399,18-25,Female,Miami,VIP,P5693,Groceries,170.37,15,144.81,1,144.81,PayPal,2025-12-01,15,0,0,0
T0040477,C005329,56+,Other,New York,Returning,P7103,Groceries,78.08,10,70.27,1,70.27,Cash,2025-11-28,1,0,1,0
T0083973,C007351,18-25,Other,Phoenix,VIP,P9624,Sports,426.65,20,341.32,1,341.32,Mobile Wallet,2025-11-30,22,1,0,1
T0091280,C022039,26-35,Male,San Francisco,Returning,P7341,Home & Kitchen,104.37,40,62.62,1,62.62,Mobile Wallet,2025-11-30,23,1,0,0
T0027402,C014990,18-25,Male,Seattle,New,P2403,Electronics,1894.04,30,1325.83,3,3977.49,Debit Card,2025-11-24,2,0,0,1
T0052613,C008073,26-35,Male,Phoenix,Loyal,P6336,Sports,25.83,40,15.5,1,15.5,Credit Card,2025-11-28,1,0,1,0
T0001408,C020282,46-55,Female,Seattle,VIP,P1131,Books,94.53,40,56.72,1,56.72,Credit Card,2025-12-01,1,0,0,0
T0007194,C026194,56+,Female,Los Angeles,New,P5626,Beauty,239.6,10,215.64,1,215.64,Gift Card,2025-11-26,12,0,0,1
T0094357,C003439,46-55,Male,Chicago,Loyal,P8561,Footwear,207.56,15,176.43,1,176.43,Debit Card,2025-11-29,17,1,0,1
T0049438,C001632,26-35,Male,Houston,Loyal,P9208,Clothing,246.38,30,172.47,1,172.47,Debit Card,2025-11-24,6,0,0,1
T0028564,C032823,36-45,Male,Miami,New,P9302,Electronics,2363.89,35,1536.53,1,1536.53,Gift Card,2025-11-25,18,0,0,1
T0024089,C013443,36-45,Other,New York,Loyal,P8028,Toys,38.87,25,29.15,1,29.15,Debit Card,2025-11-30,4,1,0,0
T0081519,C020044,18-25,Female,Atlanta,Returning,P6100,Groceries,39.94,25,29.96,3,89.88,Gift Card,2025-11-27,15,0,0,0
T0012485,C007888,26-35,Female,Los Angeles,New,P3921,Groceries,28.03,40,16.82,1,16.82,Debit Card,2025-11-29,7,1,0,0
T0047887,C029584,18-25,Female,Phoenix,New,P8056,Beauty,138.08,15,117.37,1,117.37,PayPal,2025-12-01,5,0,0,0
T0002911,C021956,36-45,Male,Los Angeles,New,P3524,Beauty,224.16,25,168.12,1,168.12,Mobile Wallet,2025-12-01,21,0,0,1
T0044113,C001880,26-35,Male,Los Angeles,Loyal,P2011,Accessories,467.8,20,374.24,3,1122.72,Debit Card,2025-11-26,12,0,0,1
T0029137,C008672,26-35,Other,New York,New,P4644,Books,89.39,50,44.7,2,89.4,Mobile Wallet,2025-11-25,3,0,0,0
T0026881,C024247,26-35,Other,Los Angeles,VIP,P6807,Groceries,69.42,10,62.48,1,62.48,Credit Card,2025-11-24,1,0,0,0
T0006545,C001754,56+,Female,Miami,Returning,P6884,Electronics,910.38,25,682.78,1,682.78,Mobile Wallet,2025-11-24,0,0,0,1
T0029071,C006801,36-45,Female,Atlanta,Returning,P5600,Home & Kitchen,481.75,15,409.49,1,409.49,Gift Card,2025-11-30,7,1,0,1
T0090211,C031811,26-35,Female,Chicago,New,P5172,Home & Kitchen,498.2,35,323.83,1,323.83,Gift Card,2025-11-28,7,0,1,1
T0017961,C002328,26-35,Male,Phoenix,Returning,P3670,Beauty,90.43,25,67.82,1,67.82,Cash,2025-11-29,14,1,0,0
T0017019,C025797,18-25,Other,Atlanta,VIP,P6728,Accessories,242.83,20,194.26,2,388.52,Credit Card,2025-11-28,5,0,1,1
T0093501,C020141,18-25,Female,Los Angeles,Returning,P2347,Beauty,74.53,30,52.17,1,52.17,Gift Card,2025-11-29,9,1,0,0
T0036832,C024621,18-25,Male,Miami,Returning,P1341,Groceries,108.41,20,86.73,1,86.73,Mobile Wallet,2025-11-30,10,1,0,0
T0066363,C028591,36-45,Female,San Francisco,New,P2118,Sports,372.84,50,186.42,1,186.42,Mobile Wallet,2025-11-28,7,0,1,1
T0074435,C033058,26-35,Female,New York,Returning,P3022,Electronics,1124.09,30,786.86,2,1573.72,Credit Card,2025-11-28,21,0,1,1
T0079970,C031206,56+,Other,New York,New,P5891,Home & Kitchen,772.82,40,463.69,1,463.69,Cash,2025-11-29,5,1,0,1
T0057983,C029884,56+,Female,Los Angeles,Loyal,P9903,Beauty,65.56,35,42.61,1,42.61,Gift Card,2025-11-28,22,0,1,0
T0079848,C005756,26-35,Female,Phoenix,Returning,P5325,Groceries,144.14,20,115.31,3,345.93,Gift Card,2025-11-29,12,1,0,1
T0079158,C032108,56+,Male,San Francisco,New,P5817,Home & Kitchen,363.44,10,327.1,1,327.1,Mobile Wallet,2025-11-24,20,0,0,1
T0007697,C008405,46-55,Other,Dallas,Returning,P5633,Accessories,109.22,40,65.53,1,65.53,Debit Card,2025-11-26,22,0,0,0
T0033891,C028934,18-25,Male,San Francisco,New,P7988,Electronics,1345.16,20,1076.13,1,1076.13,Gift Card,2025-12-01,11,0,0,1
T0067521,C029997,26-35,Other,Seattle,Loyal,P8274,Footwear,194.26,35,126.27,1,126.27,Mobile Wallet,2025-11-28,5,0,1,0
T0096003,C007726,18-25,Other,New York,VIP,P1561,Beauty,43.4,10,39.06,1,39.06,Debit Card,2025-11-26,13,0,0,0
T0089811,C028139,18-25,Male,Los Angeles,Returning,P9010,Books,49.35,5,46.88,3,140.64,Debit Card,2025-11-29,20,1,0,0
T0050936,C021973,18-25,Male,Houston,Loyal,P7061,Clothing,219.51,35,142.68,1,142.68,PayPal,2025-11-29,3,1,0,0
T0099687,C024607,56+,Female,Atlanta,New,P5758,Clothing,295.1,15,250.84,2,501.68,Credit Card,2025-11-24,22,0,0,1
T0006802,C019720,56+,Female,Dallas,New,P1143,Accessories,349.7,15,297.24,1,297.24,Cash,2025-12-01,18,0,0,1
T0096034,C020775,26-35,Other,Dallas,New,P2522,Beauty,184.97,60,73.99,1,73.99,Mobile Wallet,2025-11-26,0,0,0,0
T0002791,C033202,18-25,Female,Houston,Returning,P4490,Electronics,1467.7,30,1027.39,2,2054.78,Cash,2025-11-30,3,1,0,1
T0096063,C018792,26-35,Other,Seattle,New,P9297,Home & Kitchen,1099.41,35,714.62,2,1429.24,PayPal,2025-11-26,1,0,0,1
T0040727,C001802,18-25,Male,Dallas,Returning,P5360,Sports,29.55,20,23.64,1,23.64,PayPal,2025-11-30,15,1,0,0
T0082992,C024677,18-25,Other,Los Angeles,Returning,P3788,Footwear,234.23,30,163.96,1,163.96,Gift Card,2025-11-27,15,0,0,1
T0076135,C003174,18-25,Other,Atlanta,New,P1314,Clothing,40.5,35,26.32,2,52.64,Mobile Wallet,2025-11-26,7,0,0,0
T0068308,C024775,46-55,Other,Los Angeles,Returning,P4423,Groceries,49.17,15,41.79,2,83.58,Mobile Wallet,2025-11-30,8,1,0,0
T0092076,C015085,18-25,Other,Chicago,Returning,P3572,Sports,469.28,50,234.64,1,234.64,Cash,2025-11-24,11,0,0,1
T0002760,C033393,18-25,Female,San Francisco,VIP,P9049,Footwear,144.13,20,115.3,3,345.9,Credit Card,2025-11-25,22,0,0,1
T0063250,C018627,56+,Other,Seattle,Returning,P8562,Footwear,271.17,40,162.7,1,162.7,Debit Card,2025-11-26,19,0,0,1
T0002917,C034722,18-25,Male,Seattle,Loyal,P9212,Electronics,2338.4,10,2104.56,1,2104.56,PayPal,2025-11-25,6,0,0,1
T0021115,C024137,36-45,Other,San Francisco,Loyal,P1699,Accessories,105.62,25,79.22,1,79.22,Credit Card,2025-11-24,14,0,0,0
T0081736,C021657,46-55,Female,Chicago,Returning,P7326,Accessories,483.48,5,459.31,1,459.31,Debit Card,2025-12-01,15,0,0,1
T0051567,C001764,36-45,Male,New York,Returning,P7084,Sports,28.01,15,23.81,4,95.24,Debit Card,2025-11-30,23,1,0,0
T0020079,C014264,18-25,Female,Atlanta,New,P3439,Home & Kitchen,900.41,50,450.2,2,900.4,Credit Card,2025-11-25,21,0,0,1
T0021192,C030399,18-25,Other,San Francisco,Returning,P5935,Accessories,175.12,25,131.34,2,262.68,Debit Card,2025-11-30,6,1,0,1
T0044168,C002373,36-45,Male,San Francisco,Returning,P4152,Home & Kitchen,868.56,10,781.7,1,781.7,Credit Card,2025-11-24,21,0,0,1
T0008305,C015245,46-55,Female,New York,Returning,P5958,Clothing,59.09,30,41.36,1,41.36,Mobile Wallet,2025-11-25,10,0,0,0
T0037037,C020221,36-45,Male,New York,Loyal,P8727,Toys,15.83,25,11.87,1,11.87,Cash,2025-11-24,8,0,0,0
T0089531,C013329,36-45,Female,Seattle,New,P8563,Accessories,196.3,30,137.41,1,137.41,Mobile Wallet,2025-11-30,6,1,0,0
T0037555,C022102,56+,Other,Dallas,New,P5556,Groceries,53.55,50,26.78,1,26.78,Credit Card,2025-11-30,3,1,0,0
T0086584,C028354,46-55,Female,Miami,New,P8190,Beauty,168.13,20,134.5,1,134.5,Credit Card,2025-11-24,20,0,0,0
T0026309,C023006,46-55,Other,New York,Returning,P1816,Home & Kitchen,569.1,25,426.83,1,426.83,Gift Card,2025-11-30,1,1,0,1
T0039262,C031244,36-45,Other,Chicago,Returning,P3975,Clothing,174.44,5,165.72,1,165.72,Cash,2025-11-24,12,0,0,1
T0029532,C003753,36-45,Female,Miami,Returning,P2358,Home & Kitchen,1116.16,30,781.31,1,781.31,Cash,2025-12-01,14,0,0,1
T0041825,C008973,56+,Female,Phoenix,Loyal,P7757,Electronics,1676.31,15,1424.86,2,2849.72,Gift Card,2025-11-25,12,0,0,1
T0029444,C015134,26-35,Other,Seattle,New,P2609,Books,7.55,25,5.66,2,11.32,Mobile Wallet,2025-11-27,0,0,0,0
T0020771,C001942,26-35,Male,Dallas,New,P8488,Beauty,216.53,10,194.88,1,194.88,Cash,2025-11-28,10,0,1,1
T0094924,C016007,46-55,Male,Dallas,New,P7208,Books,105.15,25,78.86,1,78.86,Mobile Wallet,2025-11-26,13,0,0,0
T0057940,C000449,26-35,Female,Phoenix,Returning,P1912,Beauty,54.1,35,35.16,1,35.16,Debit Card,2025-11-25,18,0,0,0
T0088094,C028848,36-45,Female,New York,Returning,P5972,Electronics,972.38,15,826.52,1,826.52,Debit Card,2025-11-25,0,0,0,1
T0061786,C020169,46-55,Female,Chicago,Returning,P4798,Clothing,206.71,25,155.03,1,155.03,Credit Card,2025-11-26,18,0,0,0
T0022399,C004755,56+,Other,Chicago,New,P9984,Beauty,10.84,40,6.5,1,6.5,Gift Card,2025-11-27,7,0,0,0
T0007191,C019057,56+,Female,Miami,VIP,P6990,Sports,80.42,30,56.29,1,56.29,Credit Card,2025-11-28,20,0,1,0
T0065780,C016256,18-25,Female,Dallas,Returning,P6181,Books,49.95,20,39.96,2,79.92,Cash,2025-11-30,0,1,0,0
T0091391,C029551,36-45,Male,Atlanta,Returning,P9025,Groceries,128.57,15,109.28,2,218.56,PayPal,2025-11-24,16,0,0,1
T0059296,C000059,18-25,Other,New York,Returning,P9313,Clothing,176.59,30,123.61,3,370.83,Mobile Wallet,2025-12-01,3,0,0,1
T0015550,C034412,18-25,Female,Phoenix,Loyal,P1757,Home & Kitchen,343.07,50,171.54,1,171.54,PayPal,2025-12-01,8,0,0,1
T0033774,C010350,56+,Female,Miami,Loyal,P9896,Sports,338.56,30,236.99,1,236.99,Credit Card,2025-12-01,10,0,0,1
T0079587,C023459,56+,Other,San Francisco,New,P5132,Beauty,209.62,35,136.25,3,408.75,Debit Card,2025-11-27,9,0,0,1
T0085843,C016997,56+,Other,San Francisco,Returning,P2724,Toys,216.87,20,173.5,1,173.5,PayPal,2025-11-28,7,0,1,1
T0087074,C011503,26-35,Female,Seattle,Returning,P5835,Beauty,223.54,10,201.19,2,402.38,Cash,2025-11-30,15,1,0,1
T0071062,C022571,46-55,Other,Miami,Loyal,P8979,Toys,201.01,40,120.61,1,120.61,Debit Card,2025-11-25,19,0,0,0
T0022013,C026311,36-45,Male,Atlanta,Loyal,P1821,Footwear,81.94,35,53.26,1,53.26,Credit Card,2025-11-24,0,0,0,0
T0058507,C017144,26-35,Male,Houston,VIP,P5920,Home & Kitchen,765.38,10,688.84,1,688.84,Cash,2025-11-26,7,0,0,1
T0059652,C027597,18-25,Other,Atlanta,Loyal,P5278,Toys,34.23,35,22.25,2,44.5,Cash,2025-12-01,12,0,0,0
T0057191,C024578,46-55,Male,Phoenix,Returning,P3446,Toys,173.27,30,121.29,1,121.29,Cash,2025-12-01,11,0,0,0
T0023588,C016722,18-25,Other,Houston,Loyal,P3362,Sports,574.75,40,344.85,1,344.85,PayPal,2025-11-30,10,1,0,1
T0062543,C024564,26-35,Male,Dallas,New,P8023,Sports,57.74,35,37.53,1,37.53,Cash,2025-11-27,1,0,0,0
T0063675,C021537,46-55,Female,Dallas,Returning,P7682,Clothing,142.03,15,120.73,2,241.46,Credit Card,2025-11-30,9,1,0,1
T0084475,C020384,46-55,Male,New York,New,P9847,Clothing,41.55,10,37.39,1,37.39,Cash,2025-11-24,1,0,0,0
T0012318,C028843,36-45,Male,Atlanta,Loyal,P7309,Electronics,632.77,35,411.3,1,411.3,PayPal,2025-11-28,16,0,1,1
T0000426,C033781,46-55,Female,Miami,Returning,P7378,Accessories,147.07,20,117.66,1,117.66,PayPal,2025-11-27,22,0,0,0
T0059982,C029608,46-55,Male,Seattle,Returning,P5795,Clothing,187.93,50,93.96,1,93.96,Gift Card,2025-11-27,4,0,0,0
T0065711,C005905,36-45,Female,San Francisco,Returning,P1214,Home & Kitchen,154.5,40,92.7,2,185.4,Mobile Wallet,2025-11-27,0,0,0,1
T0001849,C009925,26-35,Male,Seattle,Returning,P1211,Books,21.72,25,16.29,1,16.29,Mobile Wallet,2025-11-24,6,0,0,0
T0092236,C026299,26-35,Female,Atlanta,Loyal,P6640,Toys,142.34,30,99.64,1,99.64,Gift Card,2025-11-27,18,0,0,0
T0044410,C011576,46-55,Other,Phoenix,New,P9370,Accessories,90.71,50,45.36,5,226.8,Debit Card,2025-11-24,5,0,0,1
T0003987,C009443,18-25,Other,Dallas,Returning,P2829,Electronics,1730.28,35,1124.68,1,1124.68,Mobile Wallet,2025-11-25,12,0,0,1
T0009800,C008156,18-25,Female,Miami,VIP,P5998,Books,96.92,10,87.23,1,87.23,PayPal,2025-11-29,17,1,0,0
T0089358,C006363,56+,Other,New York,New,P1060,Footwear,116.19,20,92.95,2,185.9,Gift Card,2025-11-30,21,1,0,1
T0036561,C018116,36-45,Female,San Francisco,Returning,P6220,Beauty,62.64,25,46.98,1,46.98,Credit Card,2025-11-26,4,0,0,0
T0015571,C030206,26-35,Other,New York,New,P7206,Electronics,918.47,20,734.78,2,1469.56,Credit Card,2025-11-27,4,0,0,1
T0007106,C027068,56+,Female,San Francisco,Loyal,P8591,Accessories,159.61,40,95.77,1,95.77,Credit Card,2025-11-25,9,0,0,0
T0071612,C018961,36-45,Female,Miami,New,P2241,Clothing,77.83,15,66.16,2,132.32,Mobile Wallet,2025-11-25,23,0,0,0
T0014371,C032569,36-45,Other,Miami,Loyal,P5398,Accessories,361.22,25,270.92,1,270.92,Mobile Wallet,2025-12-01,19,0,0,1
T0009788,C029105,46-55,Female,Houston,New,P2451,Home & Kitchen,769.18,30,538.43,1,538.43,Gift Card,2025-11-30,8,1,0,1
T0035341,C010059,56+,Female,Phoenix,Returning,P3396,Accessories,149.5,10,134.55,1,134.55,Credit Card,2025-12-01,11,0,0,0
T0036371,C001686,18-25,Female,Chicago,Returning,P5900,Electronics,1848.3,60,739.32,1,739.32,Gift Card,2025-11-28,7,0,1,1
T0034544,C016061,18-25,Female,Phoenix,VIP,P7290,Groceries,124.45,25,93.34,1,93.34,Cash,2025-11-25,20,0,0,0
T0031432,C006283,56+,Male,Atlanta,New,P7885,Toys,279.82,15,237.85,1,237.85,Mobile Wallet,2025-11-29,0,1,0,1
T0052328,C000140,18-25,Male,Phoenix,New,P2353,Toys,132.01,25,99.01,2,198.02,Credit Card,2025-11-30,1,1,0,1
T0047777,C019389,46-55,Female,Phoenix,New,P3457,Groceries,148.01,5,140.61,3,421.83,Cash,2025-12-01,18,0,0,1
T0042906,C021455,46-55,Other,Houston,Returning,P9998,Clothing,110.72,30,77.5,1,77.5,Debit Card,2025-11-27,5,0,0,0
T0054131,C015729,36-45,Female,San Francisco,VIP,P6987,Books,49.65,20,39.72,1,39.72,PayPal,2025-11-30,2,1,0,0
T0022146,C004933,36-45,Other,Phoenix,New,P7592,Footwear,62.18,40,37.31,1,37.31,PayPal,2025-11-25,8,0,0,0
T0076527,C028102,46-55,Other,New York,New,P1314,Toys,60.53,35,39.34,1,39.34,Credit Card,2025-12-01,22,0,0,0
T0032260,C032531,36-45,Male,Chicago,Returning,P7941,Accessories,152.96,20,122.37,1,122.37,PayPal,2025-11-25,12,0,0,0
T0002461,C034000,18-25,Female,Phoenix,Returning,P1078,Sports,560.47,25,420.35,1,420.35,PayPal,2025-11-26,16,0,0,1
T0034492,C001028,36-45,Other,San Francisco,New,P7391,Accessories,249.01,15,211.66,1,211.66,PayPal,2025-11-29,0,1,0,1
T0017857,C008280,46-55,Other,Los Angeles,Returning,P4700,Toys,62.75,25,47.06,1,47.06,Gift Card,2025-11-29,19,1,0,0
T0012463,C028813,36-45,Male,Dallas,New,P3661,Toys,110.42,20,88.34,1,88.34,Debit Card,2025-11-30,20,1,0,0
T0009062,C000895,36-45,Male,Los Angeles,VIP,P7780,Toys,190.34,20,152.27,1,152.27,Gift Card,2025-11-24,11,0,0,0
T0093140,C012461,46-55,Other,Dallas,Loyal,P1112,Books,105.2,50,52.6,2,105.2,Gift Card,2025-11-28,15,0,1,0
T0003903,C034767,56+,Male,Los Angeles,Returning,P6723,Accessories,137.24,30,96.07,2,192.14,PayPal,2025-11-24,17,0,0,1
T0079865,C024679,36-45,Male,Los Angeles,Returning,P5707,Electronics,2073.1,10,1865.79,2,3731.58,Mobile Wallet,2025-11-28,5,0,1,1
T0047447,C007254,56+,Other,Houston,Returning,P6971,Clothing,196.03,25,147.02,1,147.02,Debit Card,2025-12-01,5,0,0,0
T0001093,C002842,18-25,Female,New York,New,P3202,Electronics,1665.63,20,1332.5,2,2665.0,Credit Card,2025-11-24,21,0,0,1
T0002536,C022802,56+,Female,Houston,Loyal,P2106,Toys,142.78,30,99.95,1,99.95,PayPal,2025-11-26,6,0,0,0
T0017812,C007719,36-45,Female,San Francisco,Loyal,P7241,Clothing,41.09,10,36.98,2,73.96,Gift Card,2025-11-29,7,1,0,0
T0038100,C016204,56+,Other,New York,New,P8136,Electronics,1691.59,15,1437.85,1,1437.85,Gift Card,2025-11-25,4,0,0,1
T0092657,C034574,36-45,Other,Phoenix,Loyal,P3834,Toys,74.08,25,55.56,2,111.12,Gift Card,2025-11-28,1,0,1,0
T0043211,C007006,36-45,Other,Los Angeles,Returning,P5048,Beauty,129.32,25,96.99,1,96.99,Gift Card,2025-11-30,22,1,0,0
T0077324,C001696,56+,Female,San Francisco,Returning,P7198,Groceries,49.68,15,42.23,2,84.46,Credit Card,2025-11-28,17,0,1,0
T0075250,C026518,46-55,Male,Chicago,New,P1964,Home & Kitchen,723.22,15,614.74,2,1229.48,Cash,2025-11-26,21,0,0,1
T0073858,C013621,46-55,Other,San Francisco,New,P5362,Beauty,20.2,35,13.13,1,13.13,Debit Card,2025-11-24,22,0,0,0
T0062686,C019376,18-25,Female,San Francisco,Loyal,P6201,Sports,445.11,30,311.58,1,311.58,Gift Card,2025-11-29,0,1,0,1
T0076209,C018861,18-25,Female,Miami,New,P5379,Toys,244.35,30,171.04,1,171.04,Debit Card,2025-12-01,5,0,0,1
T0059439,C012491,56+,Female,Miami,VIP,P8624,Books,42.64,25,31.98,1,31.98,Cash,2025-11-24,6,0,0,0
T0023017,C022246,46-55,Female,Chicago,New,P6167,Clothing,249.74,35,162.33,1,162.33,Cash,2025-11-24,3,0,0,1
T0028403,C001260,18-25,Female,Chicago,Returning,P4428,Toys,195.55,30,136.88,1,136.88,Cash,2025-12-01,3,0,0,0
T0067731,C011975,18-25,Other,Phoenix,Returning,P6694,Accessories,300.67,10,270.6,1,270.6,Debit Card,2025-11-28,17,0,1,1
T0096193,C028319,46-55,Male,Houston,Returning,P5331,Clothing,265.84,20,212.67,1,212.67,Cash,2025-11-28,6,0,1,1
T0084846,C029656,26-35,Female,Phoenix,Loyal,P9619,Clothing,257.5,25,193.12,4,772.48,PayPal,2025-11-30,1,1,0,1
T0069805,C025867,26-35,Other,Dallas,Returning,P4069,Beauty,62.87,30,44.01,1,44.01,Mobile Wallet,2025-11-27,11,0,0,0
T0029119,C012320,18-25,Male,Dallas,Returning,P5066,Home & Kitchen,1109.74,40,665.84,1,665.84,Cash,2025-11-28,0,0,1,1
T0068160,C027719,46-55,Male,Atlanta,New,P5269,Groceries,163.54,20,130.83,2,261.66,Debit Card,2025-11-29,4,1,0,1
T0002212,C011026,26-35,Male,Seattle,Loyal,P6301,Sports,591.84,50,295.92,1,295.92,Credit Card,2025-11-26,2,0,0,1
T0059156,C011932,18-25,Female,Los Angeles,Returning,P8405,Home & Kitchen,194.81,30,136.37,2,272.74,Mobile Wallet,2025-11-25,2,0,0,1
T0089692,C025466,36-45,Male,Phoenix,New,P1806,Toys,58.23,20,46.58,4,186.32,PayPal,2025-11-27,10,0,0,1
T0051033,C028410,18-25,Male,San Francisco,Returning,P2646,Electronics,1866.49,15,1586.52,2,3173.04,Mobile Wallet,2025-11-30,12,1,0,1
T0012949,C032581,36-45,Other,Chicago,Returning,P9687,Groceries,97.63,50,48.82,2,97.64,Debit Card,2025-11-27,12,0,0,0
T0005955,C018682,46-55,Male,Houston,Returning,P1063,Beauty,64.52,30,45.16,4,180.64,Cash,2025-11-24,10,0,0,1
T0017687,C007976,26-35,Female,Houston,New,P9050,Toys,298.85,20,239.08,1,239.08,Gift Card,2025-11-25,11,0,0,1
T0043886,C027358,26-35,Male,Dallas,New,P8534,Home & Kitchen,314.7,40,188.82,1,188.82,Cash,2025-11-30,15,1,0,1
T0053035,C020817,46-55,Male,Dallas,VIP,P6100,Books,80.49,30,56.34,1,56.34,Credit Card,2025-11-26,20,0,0,0
T0057189,C025117,18-25,Female,Phoenix,Loyal,P8226,Electronics,2497.43,35,1623.33,2,3246.66,Debit Card,2025-11-28,18,0,1,1
T0094442,C034540,56+,Other,Miami,Loyal,P2101,Home & Kitchen,516.38,25,387.28,2,774.56,Cash,2025-11-27,17,0,0,1
T0094658,C006955,26-35,Male,Dallas,Loyal,P4953,Groceries,199.2,15,169.32,1,169.32,Cash,2025-12-01,20,0,0,1
T0046484,C011801,46-55,Female,Dallas,Returning,P4194,Toys,118.63,5,112.7,1,112.7,Cash,2025-11-28,8,0,1,0
T0041636,C008701,56+,Male,San Francisco,New,P4796,Groceries,124.23,40,74.54,1,74.54,PayPal,2025-11-26,16,0,0,0
T0036649,C017267,46-55,Other,Los Angeles,Returning,P6572,Clothing,216.15,35,140.5,1,140.5,Debit Card,2025-11-27,14,0,0,0
T0008201,C030854,18-25,Other,New York,New,P6949,Footwear,269.52,15,229.09,1,229.09,Cash,2025-11-24,10,0,0,1
T0079038,C005274,18-25,Male,Los Angeles,Loyal,P5166,Accessories,355.71,15,302.35,1,302.35,Cash,2025-12-01,21,0,0,1
T0048013,C001965,26-35,Other,Los Angeles,Loyal,P3533,Toys,99.1,50,49.55,1,49.55,Cash,2025-11-26,1,0,0,0
T0084524,C007898,46-55,Female,Houston,Returning,P1244,Footwear,222.0,30,155.4,1,155.4,Cash,2025-12-01,16,0,0,0
T0025906,C027220,18-25,Male,Miami,New,P3519,Footwear,259.01,20,207.21,1,207.21,Gift Card,2025-12-01,10,0,0,1
T0004446,C029539,56+,Female,Seattle,New,P1188,Groceries,23.74,20,18.99,1,18.99,Gift Card,2025-11-25,19,0,0,0
T0039621,C017907,36-45,Female,Phoenix,Loyal,P3748,Toys,69.07,25,51.8,1,51.8,Gift Card,2025-12-01,1,0,0,0
T0039099,C009689,36-45,Other,Seattle,New,P5027,Accessories,202.75,10,182.48,4,729.92,Credit Card,2025-11-24,13,0,0,1
T0040861,C027660,36-45,Female,Seattle,VIP,P3643,Groceries,155.39,40,93.23,1,93.23,PayPal,2025-11-30,15,1,0,0
T0067269,C033619,18-25,Male,Phoenix,Loyal,P1008,Sports,112.2,25,84.15,1,84.15,Gift Card,2025-11-29,7,1,0,0
T0090208,C029468,56+,Male,Houston,New,P9578,Accessories,114.68,40,68.81,1,68.81,Credit Card,2025-11-27,1,0,0,0
T0013863,C002630,26-35,Other,Los Angeles,Loyal,P1655,Electronics,1517.4,40,910.44,1,910.44,Credit Card,2025-11-26,4,0,0,1
T0069430,C026352,56+,Male,Miami,New,P9692,Toys,51.85,25,38.89,2,77.78,Gift Card,2025-12-01,2,0,0,0
T0032353,C006843,26-35,Other,Dallas,Returning,P1278,Electronics,816.92,40,490.15,1,490.15,Gift Card,2025-11-28,15,0,1,1
T0064362,C001412,56+,Other,Seattle,Returning,P1830,Accessories,80.59,20,64.47,1,64.47,PayPal,2025-11-30,14,1,0,0
T0093077,C025210,18-25,Other,New York,Returning,P5009,Accessories,242.22,30,169.55,1,169.55,PayPal,2025-11-27,0,0,0,1
T0061401,C001516,56+,Female,Miami,Returning,P3307,Groceries,53.2,20,42.56,2,85.12,Mobile Wallet,2025-11-27,1,0,0,0
T0027605,C007092,36-45,Male,Houston,VIP,P1418,Home & Kitchen,1078.07,20,862.46,2,1724.92,PayPal,2025-12-01,23,0,0,1
T0054514,C009489,18-25,Female,Houston,Loyal,P2416,Books,80.97,40,48.58,3,145.74,Cash,2025-12-01,12,0,0,0
T0088228,C016033,26-35,Female,Dallas,Returning,P9509,Clothing,158.98,20,127.18,1,127.18,Debit Card,2025-12-01,10,0,0,0
T0054681,C022925,26-35,Male,Los Angeles,Returning,P8910,Toys,58.4,30,40.88,1,40.88,PayPal,2025-11-27,6,0,0,0
T0012155,C023364,36-45,Other,Los Angeles,Returning,P2905,Beauty,241.69,25,181.27,3,543.81,Cash,2025-12-01,7,0,0,1
T0063327,C033708,36-45,Female,Phoenix,Returning,P5034,Toys,68.47,25,51.35,1,51.35,Cash,2025-11-28,6,0,1,0
T0009735,C000241,18-25,Male,San Francisco,VIP,P2580,Books,100.2,25,75.15,1,75.15,Gift Card,2025-11-30,12,1,0,0
T0033190,C025350,46-55,Male,Miami,VIP,P4192,Beauty,201.88,25,151.41,1,151.41,Gift Card,2025-12-01,17,0,0,0
T0097339,C018769,18-25,Female,Houston,Returning,P8079,Groceries,33.66,40,20.2,1,20.2,Mobile Wallet,2025-11-26,12,0,0,0
T0019947,C034156,46-55,Other,New York,New,P4940,Beauty,103.03,30,72.12,1,72.12,Gift Card,2025-11-30,11,1,0,0
T0016795,C025073,18-25,Female,Los Angeles,Loyal,P1435,Sports,76.58,10,68.92,1,68.92,PayPal,2025-11-27,11,0,0,0
T0046396,C005456,36-45,Other,Phoenix,New,P6748,Footwear,236.91,40,142.15,1,142.15,Debit Card,2025-11-28,13,0,1,0
T0084369,C018887,36-45,Male,Phoenix,Returning,P1131,Sports,94.84,20,75.87,1,75.87,Gift Card,2025-11-27,2,0,0,0
T0011354,C031929,26-35,Male,Los Angeles,Loyal,P7859,Footwear,219.61,25,164.71,2,329.42,Mobile Wallet,2025-11-28,1,0,1,1
T0052611,C023245,26-35,Other,Dallas,Returning,P5761,Accessories,486.49,30,340.54,1,340.54,Gift Card,2025-11-27,7,0,0,1
T0078412,C003382,26-35,Female,Phoenix,New,P9544,Footwear,268.68,50,134.34,3,403.02,Gift Card,2025-11-29,7,1,0,1
T0066087,C020049,36-45,Female,Dallas,New,P6323,Books,48.06,40,28.84,2,57.68,PayPal,2025-11-30,1,1,0,0
T0099808,C034199,18-25,Other,Dallas,New,P1654,Electronics,2077.67,30,1454.37,2,2908.74,Cash,2025-11-30,8,1,0,1
T0059412,C016467,56+,Other,Chicago,Loyal,P6443,Clothing,34.65,20,27.72,1,27.72,Mobile Wallet,2025-11-26,11,0,0,0
T0070238,C025531,18-25,Other,New York,VIP,P7700,Accessories,220.56,25,165.42,3,496.26,Gift Card,2025-11-24,4,0,0,1
T0098052,C010173,36-45,Male,Houston,New,P7855,Sports,523.03,20,418.42,1,418.42,PayPal,2025-11-26,16,0,0,1
T0061362,C010454,18-25,Female,San Francisco,Loyal,P1042,Clothing,28.87,20,23.1,1,23.1,Cash,2025-12-01,1,0,0,0
T0077925,C002107,46-55,Male,San Francisco,Returning,P7638,Sports,150.53,40,90.32,2,180.64,Debit Card,2025-11-30,10,1,0,1
T0054015,C010541,36-45,Female,New York,New,P1158,Groceries,175.04,10,157.54,4,630.16,Mobile Wallet,2025-11-27,21,0,0,1
T0083079,C024257,18-25,Male,Seattle,Returning,P4281,Sports,506.91,50,253.46,2,506.92,Credit Card,2025-11-26,5,0,0,1
T0024253,C026339,18-25,Other,Los Angeles,Loyal,P8707,Electronics,1585.65,25,1189.24,2,2378.48,Cash,2025-11-29,4,1,0,1
T0003805,C008695,56+,Male,San Francisco,Returning,P4570,Home & Kitchen,837.16,5,795.3,2,1590.6,Gift Card,2025-11-29,8,1,0,1
T0009209,C013562,18-25,Other,Miami,VIP,P3222,Beauty,223.86,25,167.9,1,167.9,Mobile Wallet,2025-11-28,7,0,1,1
T0062271,C011930,18-25,Male,Phoenix,New,P7833,Clothing,232.72,15,197.81,1,197.81,Mobile Wallet,2025-11-25,4,0,0,1
T0031421,C031295,56+,Female,Houston,Loyal,P9929,Groceries,89.94,25,67.46,1,67.46,Credit Card,2025-12-01,15,0,0,0
T0095544,C004306,26-35,Other,Phoenix,New,P4258,Clothing,251.24,25,188.43,1,188.43,Credit Card,2025-11-26,23,0,0,1
T0071080,C019520,26-35,Other,Phoenix,VIP,P6061,Toys,165.75,50,82.88,1,82.88,Mobile Wallet,2025-11-26,16,0,0,0
T0033030,C032948,26-35,Female,Los Angeles,Returning,P6141,Groceries,21.32,50,10.66,2,21.32,Debit Card,2025-11-29,11,1,0,0
T0029076,C010144,36-45,Male,Phoenix,Loyal,P8372,Home & Kitchen,1076.03,35,699.42,1,699.42,Cash,2025-11-26,11,0,0,1
T0043453,C024131,36-45,Male,Los Angeles,New,P4696,Toys,69.15,20,55.32,3,165.96,Mobile Wallet,2025-11-24,1,0,0,1
T0031241,C034709,46-55,Female,Seattle,Returning,P9631,Sports,272.68,30,190.88,2,381.76,Cash,2025-11-26,21,0,0,1
T0078587,C008965,46-55,Female,Chicago,Loyal,P1326,Sports,347.26,15,295.17,1,295.17,Cash,2025-11-25,0,0,0,1
T0069626,C032494,56+,Female,Houston,VIP,P4360,Clothing,73.3,35,47.64,1,47.64,Cash,2025-11-29,12,1,0,0
T0030792,C002344,56+,Male,Phoenix,Loyal,P2887,Home & Kitchen,698.36,20,558.69,1,558.69,Cash,2025-11-29,8,1,0,1
T0024128,C007995,18-25,Other,Seattle,Loyal,P7875,Beauty,25.73,20,20.58,1,20.58,PayPal,2025-11-24,11,0,0,0
T0001428,C008171,46-55,Female,New York,VIP,P5721,Books,82.27,30,57.59,1,57.59,Mobile Wallet,2025-11-26,18,0,0,0
T0044389,C031884,18-25,Other,Houston,VIP,P8353,Toys,165.93,20,132.74,2,265.48,Debit Card,2025-11-25,10,0,0,1
T0022635,C026299,26-35,Male,Miami,VIP,P2215,Toys,35.03,10,31.53,1,31.53,Debit Card,2025-11-28,3,0,1,0
T0042533,C030649,56+,Other,Houston,Returning,P1277,Beauty,166.49,25,124.87,1,124.87,Debit Card,2025-11-25,15,0,0,0
T0026884,C003410,18-25,Other,Phoenix,Loyal,P3744,Electronics,1037.31,40,622.39,2,1244.78,Mobile Wallet,2025-11-29,4,1,0,1
T0054171,C031047,56+,Other,Phoenix,New,P9075,Clothing,251.54,50,125.77,1,125.77,Gift Card,2025-11-26,2,0,0,0
T0014452,C030115,26-35,Male,New York,Loyal,P2735,Home & Kitchen,914.57,25,685.93,1,685.93,PayPal,2025-11-24,5,0,0,1
T0048405,C022823,18-25,Other,Los Angeles,New,P8008,Home & Kitchen,863.86,15,734.28,3,2202.84,Mobile Wallet,2025-11-26,20,0,0,1
T0048358,C019761,36-45,Male,Los Angeles,New,P3481,Accessories,233.57,20,186.86,1,186.86,Mobile Wallet,2025-12-01,8,0,0,1
T0073665,C027015,26-35,Other,Chicago,Loyal,P2442,Beauty,158.27,15,134.53,2,269.06,Debit Card,2025-12-01,3,0,0,1
T0007654,C005319,26-35,Other,Phoenix,Returning,P8379,Electronics,1614.81,15,1372.59,1,1372.59,PayPal,2025-11-24,17,0,0,1
T0048700,C001860,26-35,Male,Chicago,New,P5135,Accessories,495.08,40,297.05,1,297.05,Mobile Wallet,2025-11-24,15,0,0,1
T0039906,C007232,18-25,Female,San Francisco,Loyal,P9821,Accessories,404.12,25,303.09,1,303.09,Debit Card,2025-11-25,20,0,0,1
T0021785,C007515,36-45,Other,Miami,New,P4751,Electronics,621.57,20,497.26,2,994.52,Debit Card,2025-11-24,4,0,0,1
T0028703,C001559,56+,Other,Seattle,New,P1949,Clothing,95.23,20,76.18,1,76.18,Cash,2025-11-25,12,0,0,0
T0095757,C027516,18-25,Other,Seattle,New,P2507,Clothing,109.18,15,92.8,1,92.8,Mobile Wallet,2025-11-25,16,0,0,0
T0037959,C019149,46-55,Male,Los Angeles,New,P3538,Home & Kitchen,948.91,25,711.68,1,711.68,Debit Card,2025-11-27,2,0,0,1
T0048871,C011956,56+,Female,Dallas,New,P3843,Home & Kitchen,559.03,20,447.22,1,447.22,Cash,2025-11-24,19,0,0,1
T0007577,C025235,56+,Female,Dallas,VIP,P4221,Beauty,12.0,25,9.0,1,9.0,Mobile Wallet,2025-11-28,14,0,1,0
T0035252,C025223,56+,Female,New York,Loyal,P5633,Footwear,223.05,35,144.98,1,144.98,Gift Card,2025-12-01,20,0,0,0
T0088546,C012911,46-55,Other,Chicago,Loyal,P3848,Electronics,1770.48,25,1327.86,1,1327.86,Cash,2025-11-30,4,1,0,1
T0094148,C019291,36-45,Other,Chicago,Loyal,P7744,Footwear,349.82,50,174.91,1,174.91,Credit Card,2025-11-25,14,0,0,1
T0068815,C018625,26-35,Other,Chicago,Returning,P9115,Books,21.46,20,17.17,1,17.17,Credit Card,2025-11-30,22,1,0,0
T0074114,C021746,26-35,Male,Chicago,New,P2638,Footwear,244.08,50,122.04,1,122.04,Mobile Wallet,2025-11-29,8,1,0,0
T0052843,C034450,18-25,Female,Chicago,VIP,P4355,Beauty,60.07,25,45.05,1,45.05,PayPal,2025-11-30,7,1,0,0
T0033808,C009563,36-45,Other,Los Angeles,Returning,P3515,Home & Kitchen,557.61,5,529.73,1,529.73,Debit Card,2025-12-01,0,0,0,1
T0052442,C012214,46-55,Other,Los Angeles,VIP,P7292,Accessories,135.99,20,108.79,1,108.79,Gift Card,2025-11-24,12,0,0,0
T0011252,C033064,36-45,Female,Atlanta,New,P9884,Groceries,36.98,30,25.89,1,25.89,Gift Card,2025-11-28,6,0,1,0
T0068986,C000886,46-55,Other,Dallas,New,P8193,Groceries,136.07,50,68.04,1,68.04,Credit Card,2025-11-29,23,1,0,0
T0012811,C022761,36-45,Male,Los Angeles,Returning,P5230,Home & Kitchen,911.64,40,546.98,1,546.98,Mobile Wallet,2025-11-25,22,0,0,1
T0096422,C030187,18-25,Male,New York,New,P9517,Toys,252.14,35,163.89,1,163.89,PayPal,2025-11-24,2,0,0,1
T0039866,C012543,56+,Female,Los Angeles,New,P5763,Footwear,205.4,40,123.24,1,123.24,Debit Card,2025-11-28,13,0,1,0
T0007255,C002096,36-45,Other,Los Angeles,New,P2037,Groceries,35.15,50,17.58,1,17.58,Mobile Wallet,2025-11-27,14,0,0,0
T0057628,C026758,18-25,Male,Los Angeles,New,P1401,Accessories,180.14,15,153.12,1,153.12,PayPal,2025-11-29,1,1,0,0
T0088419,C001709,56+,Female,Phoenix,Loyal,P1016,Footwear,212.78,15,180.86,1,180.86,Mobile Wallet,2025-11-29,5,1,0,1
T0058252,C009962,18-25,Male,Houston,New,P5314,Home & Kitchen,1168.31,15,993.06,1,993.06,Gift Card,2025-11-25,13,0,0,1
T0016215,C011248,56+,Female,Houston,Returning,P3459,Electronics,2165.42,25,1624.06,1,1624.06,PayPal,2025-11-30,5,1,0,1
T0047163,C001990,36-45,Male,Dallas,New,P4390,Footwear,149.33,5,141.86,2,283.72,Mobile Wallet,2025-11-28,3,0,1,1
T0030131,C016903,46-55,Female,Miami,VIP,P3922,Toys,221.26,40,132.76,1,132.76,PayPal,2025-11-27,14,0,0,0
T0078553,C026820,56+,Male,Los Angeles,New,P9256,Electronics,2006.56,25,1504.92,3,4514.76,Mobile Wallet,2025-11-26,6,0,0,1
T0038173,C020471,46-55,Male,New York,Loyal,P9683,Beauty,74.56,25,55.92,1,55.92,Mobile Wallet,2025-11-24,10,0,0,0
T0067988,C013436,18-25,Other,Atlanta,Loyal,P7303,Sports,34.69,20,27.75,1,27.75,Debit Card,2025-11-29,0,1,0,0
T0047104,C010575,18-25,Other,Atlanta,Loyal,P1360,Beauty,199.9,30,139.93,1,139.93,Debit Card,2025-12-01,10,0,0,0
T0059865,C034304,46-55,Male,Houston,Loyal,P3104,Beauty,92.56,60,37.02,1,37.02,Credit Card,2025-11-29,21,1,0,0
T0080313,C014798,26-35,Other,Los Angeles,Returning,P9481,Sports,498.38,15,423.62,2,847.24,Mobile Wallet,2025-12-01,6,0,0,1
T0002844,C032516,46-55,Male,Atlanta,Loyal,P2403,Sports,385.91,15,328.02,1,328.02,Cash,2025-11-26,14,0,0,1
T0033595,C034334,46-55,Female,Houston,Returning,P7567,Beauty,237.87,15,202.19,4,808.76,Debit Card,2025-11-25,7,0,0,1
T0072999,C002721,18-25,Male,Houston,New,P2206,Footwear,287.01,30,200.91,1,200.91,PayPal,2025-11-30,2,1,0,1
T0013860,C001541,56+,Female,Dallas,New,P9662,Footwear,94.3,30,66.01,1,66.01,Cash,2025-11-27,7,0,0,0
T0003055,C011785,46-55,Male,New York,New,P5123,Groceries,125.71,25,94.28,2,188.56,Credit Card,2025-11-29,0,1,0,1
T0068044,C019072,18-25,Female,Los Angeles,New,P5417,Books,106.4,5,101.08,1,101.08,Cash,2025-11-28,9,0,1,0
T0072567,C030545,56+,Female,Atlanta,New,P1152,Groceries,62.56,15,53.18,1,53.18,Gift Card,2025-11-25,8,0,0,0
T0042563,C007540,26-35,Male,New York,New,P3808,Toys,135.99,25,101.99,2,203.98,Gift Card,2025-11-26,5,0,0,1
T0080763,C014608,26-35,Female,Miami,Returning,P1403,Clothing,133.54,20,106.83,1,106.83,PayPal,2025-11-30,23,1,0,0
T0065238,C031468,18-25,Male,Phoenix,Loyal,P6649,Books,99.45,50,49.72,1,49.72,Credit Card,2025-11-26,18,0,0,0
T0038294,C030632,36-45,Male,San Francisco,Returning,P5085,Electronics,246.01,10,221.41,1,221.41,Cash,2025-11-27,2,0,0,1
T0066360,C004818,46-55,Other,Atlanta,Loyal,P3729,Toys,146.12,20,116.9,5,584.5,PayPal,2025-11-29,9,1,0,1
T0049896,C007101,46-55,Male,Miami,New,P3951,Sports,587.37,15,499.26,1,499.26,Mobile Wallet,2025-11-26,19,0,0,1
T0043434,C022241,56+,Other,Phoenix,Loyal,P3748,Accessories,375.54,30,262.88,1,262.88,Credit Card,2025-11-25,23,0,0,1
T0010942,C029165,18-25,Male,Los Angeles,New,P5073,Accessories,287.18,40,172.31,1,172.31,Gift Card,2025-12-01,17,0,0,1
T0063752,C013248,18-25,Other,New York,Loyal,P5508,Toys,77.26,20,61.81,1,61.81,Credit Card,2025-11-27,20,0,0,0
T0026879,C010289,46-55,Male,Miami,Loyal,P5284,Sports,116.55,40,69.93,4,279.72,Gift Card,2025-12-01,20,0,0,1
T0046083,C000045,46-55,Other,Phoenix,Loyal,P2751,Books,59.21,25,44.41,1,44.41,Mobile Wallet,2025-11-25,11,0,0,0
T0074705,C005336,18-25,Other,Atlanta,Returning,P9394,Electronics,1769.02,40,1061.41,1,1061.41,Credit Card,2025-11-24,10,0,0,1
T0026172,C034530,36-45,Female,Atlanta,Returning,P8922,Groceries,10.93,30,7.65,1,7.65,Debit Card,2025-12-01,16,0,0,0
T0020721,C017176,18-25,Other,Atlanta,Returning,P9981,Beauty,181.26,25,135.94,2,271.88,Credit Card,2025-11-26,17,0,0,1
T0046172,C030585,36-45,Female,Atlanta,New,P6780,Clothing,290.9,30,203.63,2,407.26,Cash,2025-11-25,1,0,0,1
T0044826,C014741,18-25,Other,Atlanta,New,P6078,Sports,317.66,25,238.24,1,238.24,Cash,2025-11-24,0,0,0,1
T0067095,C003793,36-45,Female,Phoenix,Returning,P9991,Clothing,137.71,30,96.4,1,96.4,Cash,2025-11-26,5,0,0,0
T0070845,C022604,36-45,Other,Atlanta,New,P5731,Home & Kitchen,816.35,10,734.72,1,734.72,Gift Card,2025-11-30,16,1,0,1
T0087120,C026369,56+,Male,Miami,Returning,P5958,Groceries,48.44,30,33.91,1,33.91,Credit Card,2025-11-28,11,0,1,0
T0079057,C011957,56+,Female,Atlanta,Returning,P6810,Books,59.2,20,47.36,1,47.36,PayPal,2025-11-29,15,1,0,0
T0027552,C010812,26-35,Other,Atlanta,Loyal,P6146,Beauty,25.75,25,19.31,1,19.31,Credit Card,2025-11-29,7,1,0,0
T0096440,C012834,36-45,Male,New York,New,P2619,Groceries,192.05,30,134.44,1,134.44,Cash,2025-11-28,9,0,1,0
T0081283,C010126,46-55,Male,Atlanta,New,P3310,Home & Kitchen,598.9,20,479.12,2,958.24,Mobile Wallet,2025-12-01,0,0,0,1
T0048047,C024908,26-35,Female,Miami,New,P6017,Toys,267.09,25,200.32,1,200.32,Debit Card,2025-11-30,11,1,0,1
T0067485,C004341,18-25,Other,Seattle,New,P6010,Sports,305.87,10,275.28,1,275.28,Gift Card,2025-11-26,20,0,0,1
T0061098,C021078,26-35,Other,Phoenix,Loyal,P2673,Books,42.73,30,29.91,1,29.91,Mobile Wallet,2025-11-25,23,0,0,0
T0033518,C015516,18-25,Other,Phoenix,Loyal,P6458,Accessories,304.16,10,273.74,1,273.74,Mobile Wallet,2025-11-25,8,0,0,1
T0085054,C022453,46-55,Male,Los Angeles,Returning,P9016,Footwear,133.21,25,99.91,5,499.55,Credit Card,2025-11-25,12,0,0,1
T0074472,C009190,36-45,Male,Los Angeles,Returning,P6925,Toys,133.45,25,100.09,1,100.09,Credit Card,2025-11-28,4,0,1,0
T0027203,C023475,46-55,Male,Atlanta,Returning,P1860,Electronics,1069.14,20,855.31,3,2565.93,PayPal,2025-11-27,15,0,0,1
T0085383,C001900,56+,Other,Los Angeles,New,P5394,Home & Kitchen,1056.39,40,633.83,3,1901.49,Credit Card,2025-11-28,8,0,1,1
T0096176,C016224,26-35,Male,New York,New,P6811,Sports,477.6,5,453.72,1,453.72,Cash,2025-11-28,14,0,1,1
T0025566,C011461,36-45,Female,Miami,Returning,P6528,Books,86.88,20,69.5,1,69.5,PayPal,2025-11-29,22,1,0,0
T0078473,C022022,36-45,Other,Dallas,New,P3700,Clothing,167.41,30,117.19,2,234.38,Credit Card,2025-11-25,9,0,0,1
T0064706,C020440,26-35,Female,Atlanta,Returning,P4220,Groceries,117.22,5,111.36,1,111.36,Cash,2025-11-24,17,0,0,0
T0055649,C014592,26-35,Male,Chicago,New,P3080,Beauty,163.82,25,122.86,1,122.86,PayPal,2025-11-25,23,0,0,0
T0040711,C016050,18-25,Female,New York,Loyal,P9623,Clothing,118.64,50,59.32,1,59.32,PayPal,2025-11-25,3,0,0,0
T0005907,C031914,26-35,Other,Atlanta,Returning,P8340,Footwear,339.59,40,203.75,1,203.75,Cash,2025-11-29,22,1,0,1
T0019740,C002697,26-35,Other,Miami,Loyal,P6111,Clothing,158.35,30,110.84,1,110.84,PayPal,2025-11-28,23,0,1,0
T0076173,C002451,46-55,Male,Miami,New,P4077,Beauty,149.82,35,97.38,1,97.38,Credit Card,2025-11-29,19,1,0,0
T0022762,C006154,56+,Female,San Francisco,VIP,P6627,Sports,342.79,35,222.81,1,222.81,Debit Card,2025-11-26,15,0,0,1
T0078130,C019901,56+,Male,Dallas,Loyal,P4941,Sports,487.92,20,390.34,1,390.34,Gift Card,2025-11-26,8,0,0,1
T0095986,C003879,26-35,Female,Miami,New,P7862,Books,95.48,15,81.16,1,81.16,PayPal,2025-12-01,18,0,0,0
T0003241,C028819,18-25,Female,Chicago,Returning,P5442,Footwear,89.68,40,53.81,1,53.81,Debit Card,2025-11-28,22,0,1,0
T0048129,C023858,26-35,Male,Los Angeles,New,P1951,Home & Kitchen,445.76,60,178.3,2,356.6,Gift Card,2025-11-28,18,0,1,1
T0014086,C026616,56+,Male,Phoenix,New,P3472,Books,10.63,25,7.97,1,7.97,Cash,2025-11-24,19,0,0,0
T0056778,C026335,36-45,Other,Los Angeles,Returning,P1844,Footwear,177.57,35,115.42,1,115.42,PayPal,2025-11-28,16,0,1,0
T0028454,C016289,56+,Other,Phoenix,New,P9976,Books,91.27,20,73.02,1,73.02,PayPal,2025-11-24,19,0,0,0
T0035583,C005823,56+,Other,Atlanta,Returning,P1448,Books,91.48,20,73.18,1,73.18,Gift Card,2025-11-28,17,0,1,0
T0072892,C023521,46-55,Female,Seattle,Returning,P5096,Clothing,161.61,40,96.97,1,96.97,Mobile Wallet,2025-11-25,22,0,0,0
T0094512,C023437,56+,Male,Miami,New,P9927,Home & Kitchen,473.26,10,425.93,1,425.93,PayPal,2025-11-26,21,0,0,1
T0098284,C022977,18-25,Other,Dallas,Returning,P4895,Groceries,21.28,60,8.51,1,8.51,Debit Card,2025-11-24,23,0,0,0
T0026872,C016922,46-55,Male,Dallas,Loyal,P5765,Electronics,2096.75,40,1258.05,1,1258.05,Debit Card,2025-11-29,17,1,0,1
T0006037,C000333,26-35,Other,Dallas,Returning,P6261,Toys,172.96,30,121.07,1,121.07,Cash,2025-11-30,15,1,0,0
T0028893,C020298,26-35,Male,Dallas,Returning,P9480,Footwear,133.22,25,99.92,1,99.92,Mobile Wallet,2025-11-25,10,0,0,0
T0007773,C004064,26-35,Other,Atlanta,New,P8684,Beauty,123.68,25,92.76,1,92.76,Debit Card,2025-11-29,10,1,0,0
T0087419,C007670,46-55,Male,Atlanta,New,P6169,Books,40.22,30,28.15,2,56.3,Debit Card,2025-12-01,18,0,0,0
T0005004,C019169,36-45,Male,Houston,Loyal,P6713,Sports,315.69,20,252.55,1,252.55,Cash,2025-11-27,2,0,0,1
T0019690,C012684,26-35,Female,San Francisco,Loyal,P2576,Home & Kitchen,1011.13,20,808.9,1,808.9,PayPal,2025-11-24,23,0,0,1
T0033233,C026941,36-45,Other,Miami,Returning,P9753,Toys,285.69,15,242.84,2,485.68,Debit Card,2025-11-30,0,1,0,1
T0040650,C032000,56+,Other,Dallas,Returning,P8679,Clothing,206.68,30,144.68,1,144.68,Cash,2025-11-25,23,0,0,0
T0084495,C005809,46-55,Other,Houston,VIP,P9911,Electronics,1692.52,20,1354.02,2,2708.04,Credit Card,2025-11-25,16,0,0,1
T0062366,C029910,56+,Male,Miami,New,P9260,Home & Kitchen,41.02,20,32.82,3,98.46,Cash,2025-11-30,16,1,0,0
T0077043,C004528,36-45,Male,Miami,Returning,P7853,Home & Kitchen,435.79,25,326.84,1,326.84,Credit Card,2025-11-26,9,0,0,1
T0038384,C012515,26-35,Male,Los Angeles,Returning,P9064,Sports,531.34,25,398.5,1,398.5,PayPal,2025-12-01,4,0,0,1
T0079889,C014236,26-35,Female,Dallas,New,P6287,Beauty,206.22,10,185.6,1,185.6,Mobile Wallet,2025-11-24,20,0,0,1
T0023845,C015212,56+,Female,San Francisco,New,P5646,Beauty,179.12,25,134.34,1,134.34,Credit Card,2025-12-01,17,0,0,0
T0028011,C033152,46-55,Male,Seattle,Returning,P3817,Sports,72.71,35,47.26,3,141.78,Debit Card,2025-11-30,9,1,0,0
T0064753,C029318,56+,Other,Los Angeles,Loyal,P7880,Sports,411.98,20,329.58,4,1318.32,PayPal,2025-12-01,5,0,0,1
T0096178,C032995,26-35,Other,Miami,Loyal,P9474,Home & Kitchen,32.68,30,22.88,2,45.76,PayPal,2025-11-28,4,0,1,0
T0096518,C005826,46-55,Other,Los Angeles,New,P8913,Accessories,255.34,25,191.5,2,383.0,Credit Card,2025-12-01,23,0,0,1
T0067598,C023365,26-35,Other,Dallas,Loyal,P1602,Footwear,326.65,50,163.32,1,163.32,Gift Card,2025-11-27,13,0,0,1
T0009697,C019552,36-45,Male,Phoenix,VIP,P8384,Electronics,1460.0,10,1314.0,1,1314.0,Debit Card,2025-11-28,15,0,1,1
T0012679,C013021,18-25,Female,New York,New,P3043,Groceries,107.31,15,91.21,1,91.21,Cash,2025-11-30,19,1,0,0
T0075999,C027994,56+,Male,Seattle,New,P6949,Books,73.26,30,51.28,1,51.28,Debit Card,2025-11-24,13,0,0,0
T0076481,C018747,36-45,Female,Miami,New,P5319,Accessories,146.57,40,87.94,1,87.94,Cash,2025-11-27,14,0,0,0
T0029823,C010081,18-25,Other,Miami,New,P2304,Home & Kitchen,1074.37,35,698.34,1,698.34,PayPal,2025-11-26,5,0,0,1
T0066792,C020343,56+,Female,Houston,Loyal,P5505,Groceries,71.35,60,28.54,1,28.54,Gift Card,2025-11-27,2,0,0,0
T0061852,C003459,26-35,Other,Atlanta,VIP,P8049,Electronics,235.1,40,141.06,1,141.06,Mobile Wallet,2025-11-30,10,1,0,0
T0017843,C017459,18-25,Other,Houston,New,P3329,Books,113.9,30,79.73,1,79.73,Cash,2025-11-28,9,0,1,0
T0037433,C029644,26-35,Male,Miami,Returning,P9188,Books,27.24,10,24.52,1,24.52,Gift Card,2025-11-29,17,1,0,0
T0087095,C027740,56+,Other,Phoenix,VIP,P3495,Home & Kitchen,1053.77,40,632.26,1,632.26,Debit Card,2025-11-26,11,0,0,1
T0066917,C005027,18-25,Female,Atlanta,New,P7529,Electronics,2302.02,5,2186.92,1,2186.92,PayPal,2025-12-01,22,0,0,1
T0065410,C030563,56+,Other,Dallas,New,P5527,Beauty,144.47,20,115.58,1,115.58,Credit Card,2025-11-30,19,1,0,0
T0081200,C031615,18-25,Other,Miami,Returning,P7441,Books,22.19,20,17.75,1,17.75,Gift Card,2025-11-29,22,1,0,0
T0098120,C000291,18-25,Other,Chicago,Loyal,P3394,Accessories,79.2,20,63.36,5,316.8,Credit Card,2025-11-25,5,0,0,1
T0017852,C028516,56+,Female,Houston,Loyal,P9905,Groceries,15.46,20,12.37,1,12.37,Cash,2025-11-24,8,0,0,0
T0094451,C034130,56+,Male,Phoenix,Returning,P3070,Home & Kitchen,745.43,25,559.07,1,559.07,Gift Card,2025-12-01,23,0,0,1
T0086123,C006799,36-45,Male,New York,Returning,P1107,Books,96.38,20,77.1,1,77.1,Gift Card,2025-11-24,8,0,0,0
T0043817,C000443,36-45,Other,Phoenix,New,P6791,Groceries,37.35,30,26.14,1,26.14,Credit Card,2025-11-30,2,1,0,0
T0085733,C010145,36-45,Other,San Francisco,Returning,P4179,Footwear,307.61,20,246.09,1,246.09,Mobile Wallet,2025-11-26,21,0,0,1
T0010840,C014277,26-35,Male,San Francisco,Loyal,P5851,Clothing,289.39,40,173.63,1,173.63,Debit Card,2025-11-26,7,0,0,1
T0009634,C002797,18-25,Other,Chicago,Returning,P5887,Accessories,82.24,10,74.02,1,74.02,Credit Card,2025-11-29,18,1,0,0
T0091110,C010214,46-55,Female,Chicago,Returning,P2912,Home & Kitchen,763.46,20,610.77,4,2443.08,Mobile Wallet,2025-11-25,10,0,0,1
T0028190,C022964,56+,Female,Los Angeles,Loyal,P4403,Beauty,109.62,35,71.25,1,71.25,Debit Card,2025-11-26,20,0,0,0
T0072041,C011145,46-55,Male,Dallas,VIP,P7978,Toys,38.69,40,23.21,1,23.21,Gift Card,2025-11-26,15,0,0,0
T0050037,C021420,46-55,Other,San Francisco,Returning,P9514,Clothing,156.7,25,117.52,3,352.56,Credit Card,2025-11-27,12,0,0,1
T0060612,C001329,26-35,Male,New York,Returning,P1055,Beauty,171.58,25,128.68,1,128.68,Debit Card,2025-11-26,17,0,0,0
T0055697,C018477,26-35,Male,Chicago,Returning,P4891,Books,11.64,30,8.15,1,8.15,Mobile Wallet,2025-12-01,13,0,0,0
T0043983,C026521,26-35,Male,Miami,Returning,P9023,Electronics,1570.75,10,1413.68,1,1413.68,PayPal,2025-11-29,2,1,0,1
T0018946,C021668,36-45,Other,Los Angeles,New,P5756,Sports,491.06,10,441.95,1,441.95,Gift Card,2025-12-01,8,0,0,1
T0031425,C025308,36-45,Female,Miami,VIP,P9411,Clothing,288.7,30,202.09,2,404.18,Credit Card,2025-12-01,6,0,0,1
T0069313,C022158,36-45,Female,Houston,New,P3390,Books,58.62,25,43.96,1,43.96,Gift Card,2025-11-28,22,0,1,0
T0000699,C007763,46-55,Other,New York,Returning,P2025,Clothing,20.23,20,16.18,1,16.18,Credit Card,2025-11-28,20,0,1,0
T0080438,C021720,56+,Female,Atlanta,New,P4710,Footwear,169.7,25,127.28,1,127.28,Cash,2025-11-27,5,0,0,0
T0098746,C012110,36-45,Male,New York,Loyal,P7879,Electronics,1182.04,30,827.43,2,1654.86,Cash,2025-11-26,2,0,0,1
T0095716,C010540,18-25,Other,Phoenix,Loyal,P2962,Books,58.56,25,43.92,2,87.84,PayPal,2025-11-24,15,0,0,0
T0001078,C017392,56+,Other,New York,New,P8790,Footwear,96.79,35,62.91,2,125.82,PayPal,2025-11-24,18,0,0,0
T0056495,C010059,18-25,Male,Los Angeles,Returning,P1879,Home & Kitchen,456.48,20,365.18,1,365.18,Debit Card,2025-11-26,7,0,0,1
T0097065,C033623,36-45,Female,Seattle,Returning,P5252,Electronics,1369.93,30,958.95,2,1917.9,Credit Card,2025-11-28,21,0,1,1
T0031065,C012375,18-25,Other,Atlanta,Loyal,P4672,Groceries,151.26,35,98.32,1,98.32,Mobile Wallet,2025-11-29,23,1,0,0
T0074817,C001139,36-45,Other,Phoenix,VIP,P2899,Accessories,122.04,25,91.53,1,91.53,Credit Card,2025-11-25,11,0,0,0
T0060652,C014393,18-25,Other,Los Angeles,Returning,P1922,Beauty,28.97,30,20.28,1,20.28,Cash,2025-11-25,0,0,0,0
T0074418,C012358,46-55,Other,Dallas,New,P1290,Accessories,79.16,40,47.5,1,47.5,Cash,2025-11-30,18,1,0,0
T0011958,C008094,36-45,Other,Atlanta,Returning,P7551,Clothing,137.96,30,96.57,1,96.57,PayPal,2025-12-01,20,0,0,0
T0087431,C011478,56+,Female,New York,Loyal,P7239,Clothing,245.99,35,159.89,1,159.89,Debit Card,2025-12-01,13,0,0,0
T0037021,C018962,46-55,Male,Houston,Returning,P8791,Books,69.21,30,48.45,1,48.45,Cash,2025-11-29,11,1,0,0
T0015260,C016305,36-45,Female,San Francisco,New,P5819,Sports,60.61,20,48.49,1,48.49,Mobile Wallet,2025-11-27,8,0,0,0
T0004268,C006572,36-45,Male,Phoenix,Loyal,P1576,Electronics,1799.47,30,1259.63,1,1259.63,Debit Card,2025-11-28,11,0,1,1
T0069055,C013825,18-25,Male,Los Angeles,New,P3043,Footwear,329.73,30,230.81,1,230.81,Debit Card,2025-11-25,9,0,0,1
T0067430,C034052,26-35,Other,Seattle,New,P2747,Books,90.45,30,63.32,1,63.32,PayPal,2025-11-26,17,0,0,0
T0028346,C027346,36-45,Female,New York,Returning,P6586,Electronics,1959.46,20,1567.57,1,1567.57,Cash,2025-11-25,22,0,0,1
T0075772,C033645,46-55,Male,San Francisco,Returning,P5289,Books,109.9,50,54.95,1,54.95,Cash,2025-11-27,18,0,0,0
T0011317,C026992,18-25,Female,Chicago,Returning,P8697,Books,28.78,40,17.27,2,34.54,Cash,2025-11-28,13,0,1,0
T0026385,C019655,18-25,Female,Atlanta,Loyal,P3577,Clothing,147.91,30,103.54,1,103.54,Cash,2025-11-28,17,0,1,0
T0090267,C015126,36-45,Female,Phoenix,Returning,P9213,Home & Kitchen,623.69,30,436.58,2,873.16,Mobile Wallet,2025-11-26,23,0,0,1
T0087005,C004337,36-45,Female,Dallas,Returning,P9153,Toys,157.63,10,141.87,1,141.87,Credit Card,2025-11-28,6,0,1,0
T0028737,C010315,36-45,Male,Dallas,Returning,P8080,Sports,564.96,25,423.72,1,423.72,Gift Card,2025-11-27,22,0,0,1
T0067585,C010378,46-55,Male,Houston,New,P3060,Footwear,349.19,30,244.43,2,488.86,Gift Card,2025-11-29,18,1,0,1
T0089186,C001074,36-45,Female,New York,Loyal,P5318,Toys,244.94,20,195.95,1,195.95,Credit Card,2025-11-29,3,1,0,1
T0010709,C000977,46-55,Male,Phoenix,Loyal,P8166,Toys,19.0,25,14.25,2,28.5,PayPal,2025-11-25,17,0,0,0
T0030658,C020950,46-55,Male,San Francisco,Loyal,P3563,Home & Kitchen,542.3,60,216.92,1,216.92,Cash,2025-11-27,13,0,0,1
T0055825,C026023,46-55,Male,Houston,New,P4545,Accessories,376.27,20,301.02,1,301.02,Credit Card,2025-11-24,19,0,0,1
T0035465,C009250,36-45,Female,Seattle,New,P8655,Groceries,50.5,60,20.2,1,20.2,Mobile Wallet,2025-11-28,13,0,1,0
T0025773,C028566,46-55,Other,Seattle,New,P6447,Home & Kitchen,100.53,20,80.42,1,80.42,Mobile Wallet,2025-11-25,5,0,0,0
T0044675,C021510,36-45,Female,Seattle,VIP,P2526,Groceries,106.53,5,101.2,2,202.4,Cash,2025-12-01,14,0,0,1
T0087477,C026254,36-45,Female,Miami,VIP,P5794,Clothing,140.82,20,112.66,2,225.32,Cash,2025-11-30,18,1,0,1
T0083677,C020742,46-55,Other,Miami,Returning,P8247,Groceries,63.62,15,54.08,1,54.08,Gift Card,2025-11-29,5,1,0,0
T0011640,C000518,56+,Male,Miami,VIP,P3215,Toys,191.12,25,143.34,2,286.68,PayPal,2025-11-25,7,0,0,1
T0094805,C003706,36-45,Male,Seattle,Returning,P8645,Groceries,92.66,20,74.13,1,74.13,PayPal,2025-11-29,7,1,0,0
T0006058,C019385,56+,Male,New York,Returning,P8182,Books,23.99,40,14.39,3,43.17,Mobile Wallet,2025-11-25,22,0,0,0
T0057017,C025085,26-35,Male,San Francisco,Loyal,P2386,Sports,539.97,40,323.98,2,647.96,Credit Card,2025-12-01,12,0,0,1
T0009185,C031643,56+,Other,Chicago,Returning,P7587,Toys,102.49,10,92.24,2,184.48,Cash,2025-11-29,22,1,0,1
T0097578,C029997,56+,Other,Los Angeles,VIP,P4871,Groceries,190.88,40,114.53,1,114.53,Mobile Wallet,2025-11-26,11,0,0,0
T0022342,C008677,46-55,Other,San Francisco,VIP,P1732,Accessories,395.97,50,197.98,1,197.98,Mobile Wallet,2025-11-26,14,0,0,1
T0022957,C010945,46-55,Other,San Francisco,Loyal,P7092,Sports,173.16,50,86.58,2,173.16,Mobile Wallet,2025-11-25,18,0,0,1
T0073347,C031252,18-25,Male,Seattle,Returning,P4081,Electronics,1539.08,25,1154.31,1,1154.31,Mobile Wallet,2025-11-29,11,1,0,1
T0068751,C011996,26-35,Female,Los Angeles,VIP,P6751,Toys,271.57,40,162.94,1,162.94,PayPal,2025-11-26,1,0,0,1
T0060039,C002525,46-55,Male,New York,VIP,P9207,Accessories,388.17,50,194.08,1,194.08,PayPal,2025-11-27,2,0,0,1
T0035093,C012098,56+,Other,Miami,Loyal,P3071,Footwear,305.69,30,213.98,1,213.98,Credit Card,2025-12-01,11,0,0,1
T0013329,C025457,18-25,Female,Phoenix,Loyal,P9225,Books,8.08,30,5.66,1,5.66,Cash,2025-11-26,18,0,0,0
T0092811,C011460,26-35,Other,New York,Returning,P9564,Clothing,221.72,40,133.03,1,133.03,Mobile Wallet,2025-11-27,6,0,0,0
T0074625,C033033,46-55,Other,New York,Returning,P6030,Books,101.28,50,50.64,1,50.64,PayPal,2025-12-01,22,0,0,0
T0036227,C027767,36-45,Female,Los Angeles,Loyal,P6660,Accessories,208.7,5,198.26,1,198.26,Cash,2025-11-27,15,0,0,1
T0018033,C015308,46-55,Other,Houston,Loyal,P7333,Home & Kitchen,1115.45,25,836.59,1,836.59,Cash,2025-11-27,11,0,0,1
T0052719,C026407,36-45,Male,Los Angeles,Returning,P7541,Groceries,12.36,5,11.74,1,11.74,Credit Card,2025-11-24,2,0,0,0
T0068880,C004421,46-55,Other,Houston,Returning,P6537,Groceries,149.2,10,134.28,2,268.56,Cash,2025-11-26,2,0,0,1
T0025255,C012986,56+,Male,Houston,Returning,P8877,Toys,133.43,40,80.06,2,160.12,Mobile Wallet,2025-11-25,3,0,0,0
T0097132,C010739,36-45,Other,Dallas,Returning,P8400,Books,58.96,25,44.22,1,44.22,Mobile Wallet,2025-11-25,18,0,0,0
T0028879,C033795,26-35,Other,New York,New,P1065,Clothing,59.97,5,56.97,4,227.88,Credit Card,2025-11-25,2,0,0,1
T0084233,C004740,18-25,Male,New York,Loyal,P8563,Electronics,2458.37,5,2335.45,1,2335.45,Credit Card,2025-11-28,21,0,1,1
T0027702,C018478,26-35,Female,Chicago,Loyal,P5196,Groceries,108.29,60,43.32,1,43.32,Mobile Wallet,2025-11-25,15,0,0,0
T0086049,C006125,36-45,Other,Phoenix,Loyal,P7965,Footwear,182.35,40,109.41,1,109.41,Debit Card,2025-11-26,8,0,0,0
T0067491,C020661,26-35,Male,Dallas,Loyal,P4285,Home & Kitchen,1085.21,25,813.91,1,813.91,Mobile Wallet,2025-11-24,18,0,0,1
T0036627,C031594,18-25,Male,Miami,New,P4220,Accessories,457.87,10,412.08,1,412.08,Cash,2025-11-28,5,0,1,1
T0019904,C020219,46-55,Other,Houston,Returning,P9426,Accessories,243.03,40,145.82,1,145.82,Cash,2025-12-01,0,0,0,0
T0082567,C027918,26-35,Other,Los Angeles,New,P6145,Sports,528.18,20,422.54,1,422.54,Credit Card,2025-11-26,12,0,0,1
T0062455,C013442,26-35,Other,Houston,New,P6465,Sports,495.56,10,446.0,1,446.0,Credit Card,2025-11-26,10,0,0,1
T0096327,C007189,56+,Male,Houston,New,P7697,Clothing,62.45,5,59.33,1,59.33,PayPal,2025-11-27,7,0,0,0
T0073915,C016942,36-45,Other,Los Angeles,Returning,P4754,Electronics,2021.53,20,1617.22,1,1617.22,Debit Card,2025-11-30,23,1,0,1
T0023212,C032655,18-25,Other,Houston,New,P6444,Beauty,33.83,35,21.99,1,21.99,Debit Card,2025-11-28,7,0,1,0
T0000498,C027535,18-25,Other,Houston,New,P5781,Footwear,127.23,15,108.15,2,216.3,Mobile Wallet,2025-12-01,9,0,0,1
T0060548,C010773,46-55,Other,Phoenix,Loyal,P3872,Toys,216.81,35,140.93,1,140.93,Gift Card,2025-11-25,5,0,0,0
T0037454,C027371,46-55,Male,Phoenix,Returning,P6374,Books,7.24,60,2.9,1,2.9,Credit Card,2025-11-28,11,0,1,0
T0042458,C014715,18-25,Male,Miami,VIP,P8656,Beauty,203.7,30,142.59,1,142.59,Debit Card,2025-11-27,19,0,0,0
T0069452,C012536,26-35,Female,Phoenix,New,P7409,Toys,137.14,15,116.57,3,349.71,Credit Card,2025-11-29,12,1,0,1
T0080105,C002231,56+,Other,Atlanta,Returning,P8953,Footwear,319.46,35,207.65,1,207.65,Cash,2025-12-01,1,0,0,1
T0074210,C000147,56+,Other,New York,New,P6006,Toys,119.71,25,89.78,1,89.78,Debit Card,2025-11-25,22,0,0,0
T0084154,C032882,56+,Female,Seattle,Returning,P9042,Books,52.08,50,26.04,2,52.08,PayPal,2025-11-30,20,1,0,0
T0090663,C028165,18-25,Female,Miami,New,P7400,Electronics,799.8,10,719.82,1,719.82,Cash,2025-11-24,22,0,0,1
T0082401,C002470,46-55,Other,Atlanta,Loyal,P2251,Sports,144.57,40,86.74,1,86.74,Mobile Wallet,2025-11-28,4,0,1,0
T0032375,C020225,56+,Male,New York,Returning,P6706,Home & Kitchen,389.59,20,311.67,2,623.34,Cash,2025-11-26,17,0,0,1
T0064087,C002902,18-25,Other,Miami,Loyal,P9227,Sports,460.84,30,322.59,1,322.59,Debit Card,2025-11-25,2,0,0,1
T0036459,C008941,46-55,Other,Miami,New,P5191,Books,12.11,15,10.29,2,20.58,Mobile Wallet,2025-11-28,20,0,1,0
T0082173,C011403,18-25,Other,Dallas,New,P4152,Beauty,155.27,30,108.69,1,108.69,PayPal,2025-12-01,2,0,0,0
T0050991,C009248,36-45,Female,Seattle,Returning,P2745,Home & Kitchen,775.15,30,542.6,1,542.6,PayPal,2025-11-26,9,0,0,1
T0011217,C010289,46-55,Male,Houston,New,P7438,Books,43.01,30,30.11,1,30.11,PayPal,2025-11-29,15,1,0,0
T0072686,C016402,18-25,Female,Los Angeles,Loyal,P3970,Books,119.77,25,89.83,1,89.83,Debit Card,2025-11-27,14,0,0,0
T0030475,C011370,18-25,Other,Houston,Returning,P9898,Footwear,316.38,60,126.55,1,126.55,Cash,2025-12-01,20,0,0,0
T0077289,C024566,18-25,Other,New York,Returning,P2609,Footwear,43.75,20,35.0,2,70.0,Mobile Wallet,2025-12-01,17,0,0,0
T0012284,C019898,36-45,Male,Phoenix,Loyal,P6808,Accessories,402.71,20,322.17,1,322.17,Credit Card,2025-11-24,14,0,0,1
T0037301,C021482,56+,Female,Seattle,New,P2950,Electronics,2235.61,5,2123.83,2,4247.66,Debit Card,2025-11-26,1,0,0,1
T0027675,C031568,36-45,Male,New York,Returning,P3981,Accessories,45.95,20,36.76,2,73.52,Mobile Wallet,2025-11-30,4,1,0,0
T0044903,C019831,18-25,Female,Chicago,VIP,P4176,Clothing,211.03,60,84.41,1,84.41,Mobile Wallet,2025-11-25,10,0,0,0
T0090417,C012387,26-35,Male,San Francisco,Returning,P9982,Sports,407.47,25,305.6,1,305.6,PayPal,2025-11-28,19,0,1,1
T0031266,C015374,18-25,Female,Dallas,New,P7980,Clothing,170.89,25,128.17,1,128.17,Credit Card,2025-11-24,4,0,0,0
T0000313,C017168,18-25,Male,Phoenix,Returning,P7526,Books,62.97,35,40.93,2,81.86,Debit Card,2025-11-26,12,0,0,0
T0065474,C029537,56+,Female,Chicago,New,P6051,Books,7.36,20,5.89,1,5.89,Cash,2025-11-24,11,0,0,0
T0055870,C029712,56+,Other,San Francisco,Loyal,P7978,Clothing,165.27,20,132.22,2,264.44,PayPal,2025-11-26,5,0,0,1
T0068139,C025224,36-45,Other,Phoenix,New,P7702,Electronics,1152.68,40,691.61,1,691.61,Debit Card,2025-11-24,12,0,0,1
T0095552,C011470,18-25,Male,Dallas,New,P3508,Home & Kitchen,814.2,5,773.49,1,773.49,Mobile Wallet,2025-11-29,12,1,0,1
T0084719,C015222,26-35,Male,Houston,Loyal,P8168,Home & Kitchen,731.93,50,365.96,1,365.96,PayPal,2025-11-26,0,0,0,1
T0018466,C034984,26-35,Male,Atlanta,Returning,P7832,Groceries,144.64,15,122.94,1,122.94,Gift Card,2025-12-01,6,0,0,0
T0079723,C019595,56+,Male,Dallas,Returning,P1140,Accessories,378.3,35,245.9,1,245.9,PayPal,2025-11-30,14,1,0,1
T0013643,C025644,56+,Other,Seattle,Loyal,P3319,Home & Kitchen,90.14,40,54.08,1,54.08,Cash,2025-11-27,5,0,0,0
T0025866,C004510,56+,Male,Chicago,Returning,P2395,Sports,239.19,40,143.51,1,143.51,Mobile Wallet,2025-11-29,21,1,0,0
T0063778,C006051,46-55,Male,Dallas,Loyal,P7473,Sports,523.11,20,418.49,1,418.49,PayPal,2025-11-26,11,0,0,1
T0098698,C000230,18-25,Male,Atlanta,New,P4584,Beauty,232.7,30,162.89,1,162.89,Debit Card,2025-11-24,4,0,0,1
T0068150,C007564,26-35,Other,Houston,Returning,P7456,Footwear,118.69,35,77.15,1,77.15,Credit Card,2025-11-27,22,0,0,0
T0061488,C009872,26-35,Male,Los Angeles,Returning,P4364,Electronics,2166.2,30,1516.34,1,1516.34,PayPal,2025-11-28,13,0,1,1
T0053744,C019562,46-55,Female,Chicago,New,P1354,Clothing,166.05,20,132.84,2,265.68,Cash,2025-11-24,4,0,0,1
T0077487,C027807,26-35,Male,Chicago,Loyal,P2168,Home & Kitchen,1049.37,30,734.56,2,1469.12,Mobile Wallet,2025-11-27,11,0,0,1
T0013700,C015299,18-25,Male,New York,Loyal,P1650,Toys,185.17,10,166.65,1,166.65,Cash,2025-12-01,20,0,0,1
T0047988,C032943,26-35,Male,Chicago,Returning,P3625,Sports,214.75,20,171.8,1,171.8,Debit Card,2025-12-01,8,0,0,1
T0063256,C034293,26-35,Female,New York,New,P7197,Home & Kitchen,1180.8,40,708.48,2,1416.96,Gift Card,2025-11-27,23,0,0,1
T0063139,C034711,36-45,Other,Dallas,Returning,P3165,Clothing,226.93,30,158.85,1,158.85,Debit Card,2025-11-28,19,0,1,0
T0088584,C023243,26-35,Female,Atlanta,Loyal,P8013,Books,29.31,40,17.59,1,17.59,PayPal,2025-11-26,8,0,0,0
T0009309,C008663,18-25,Other,Miami,Returning,P4666,Sports,500.82,30,350.57,2,701.14,PayPal,2025-12-01,3,0,0,1
T0060691,C027270,46-55,Other,Chicago,New,P7832,Home & Kitchen,995.26,15,845.97,2,1691.94,Gift Card,2025-11-30,18,1,0,1
T0010881,C005076,26-35,Other,Atlanta,Loyal,P7707,Clothing,206.62,50,103.31,1,103.31,Gift Card,2025-11-24,22,0,0,0
T0044997,C022072,36-45,Female,Atlanta,Loyal,P3356,Electronics,384.91,35,250.19,1,250.19,Credit Card,2025-11-28,20,0,1,1
T0045438,C023563,36-45,Other,Houston,Returning,P2051,Sports,440.04,15,374.03,1,374.03,Debit Card,2025-11-28,2,0,1,1
T0012770,C006754,26-35,Other,Seattle,New,P9970,Accessories,219.19,15,186.31,3,558.93,Mobile Wallet,2025-11-30,11,1,0,1
T0036268,C007648,26-35,Other,Chicago,Loyal,P2441,Electronics,623.5,25,467.62,1,467.62,Mobile Wallet,2025-11-24,12,0,0,1
T0044984,C028829,26-35,Female,New York,Returning,P2475,Electronics,890.15,20,712.12,2,1424.24,PayPal,2025-11-24,11,0,0,1
T0024518,C019079,26-35,Other,Los Angeles,Returning,P4175,Sports,385.06,5,365.81,2,731.62,Mobile Wallet,2025-11-29,19,1,0,1
T0025641,C023821,26-35,Male,Phoenix,Loyal,P7986,Toys,129.77,5,123.28,1,123.28,Debit Card,2025-12-01,23,0,0,0
T0093079,C006455,36-45,Other,Dallas,Returning,P8360,Home & Kitchen,421.88,20,337.5,2,675.0,Cash,2025-11-29,3,1,0,1
T0085156,C018505,26-35,Male,Phoenix,Returning,P6512,Beauty,43.16,50,21.58,1,21.58,Debit Card,2025-11-27,9,0,0,0
T0001700,C005324,56+,Female,Miami,Loyal,P4885,Sports,363.93,5,345.73,5,1728.65,Cash,2025-11-30,8,1,0,1
T0002692,C016410,36-45,Male,Miami,New,P3538,Footwear,142.35,40,85.41,3,256.23,Debit Card,2025-11-30,4,1,0,1
T0054223,C002917,36-45,Male,San Francisco,Returning,P8120,Footwear,314.26,25,235.7,3,707.1,PayPal,2025-11-25,16,0,0,1
T0011443,C008977,18-25,Other,Houston,VIP,P5519,Books,57.97,25,43.48,1,43.48,Credit Card,2025-11-30,18,1,0,0
T0051783,C015920,56+,Other,Dallas,Returning,P7440,Sports,268.96,20,215.17,1,215.17,Cash,2025-11-28,16,0,1,1
T0014280,C016192,46-55,Female,Houston,Returning,P4785,Toys,162.46,50,81.23,1,81.23,Debit Card,2025-11-30,8,1,0,0
